AGOGÔ,,categoria,,
675 - DUPLO - PINTURA EPOXI - MIRIM ,546,,,
678 - DUPLO - PINTURA EPOXI ,624,800,850,870
679CR - DUPLO - CROMADO ,858,940,1000,1050
677 - TRIPLO - PINTURA EPOXI ,"877,5",,,
COD. 680 - AGOGO QUADRUPLO,2200,,,
ACESSÓRIO ,,categoria,,
BA03 - BAQUETA PARA AGOGÔ - UNIDADE,"24,375",,,
APITO,,categoria,,
METAL ,,sub,,
5030  -MODELO ROCKET - CROMADO ,351,,,
MADERA,,sub,,
5004  - MADEIRA SAMBA ,"87,75",,,
5004S - MADEIRA SAMBA - TORNEADO ,"175,5",,,
ALFAIA,,categoria,,
"BME16 - 16"" - MADEIRA COM ARO DE MADEIRA, AFINAÇÃO DE CORDA ","4143,75",,,
"BME18 - 18"" - MADEIRA COM ARO DE MADEIRA, AFINAÇÃO DE CORDA ","4309,5",,,
"BME20 - 20"" - MADEIRA COM ARO DE MADEIRA, AFINAÇÃO DE CORDA ","5138,25",,,
ATABAQUE,,categoria,,
AFINAÇÃO DE CORDA ,,sub,,
"706C - TIPO TONEL - 80cm x 9"" - PI ","4806,75",,,
"707C - TIPO TONEL - 100cm x 10"" - LE ","5635,5",,,
"708C - TIPO TONEL - 120cm x 11"" - RUM ","6215,625",,,
AFINAÇÃO DE TIRANTE ,,sub,,
"706 - TIPO TONEL - 80cm x 9"" - PI - 4 TIRANTES ","5138,25",,,
"707 - TIPO TONEL - 100cm x 10"" - LE - 4 TIRANTES ","6132,75",,,
708 - TIPO TONEL - 120cm x 11 - RUM - 4 TIRANTES ,"6464,25",,,
CHAVE DE AFINAÇÃO PARA TIRANTE ,,sub,,
889G - CHAVE DE AFINAÇÃO 16/17 ,"142,8765",,,
CHAVE DE AFINAÇÃO PARA TIRANTE ,,sub,,
5997PM - SUPORTE DE CHÃO ATABAQUE PEQUENO/MÉDIO ,"1143,675",,,
5997G - SUPORTE DE CHÃO PARA ATABAQUE GRANDE ,"1309,425",,,
ACESSÓRIOS ,,sub,,
845G - TIRANTE PARA BONGO/ATABAQUE COM PORCA (PACOTE 4 UNIDADES) ,"331,5",,,
"847 - COLUNA PARA ATABAQUE COMPLETA, EPOXI - UNIDADE ","580,125",,,
BERIMBAU,,categoria,,
5007 - BERIMBAU PEQUENO - VERNIZ COMPLETO ,"877,5",,,
5009 - BERIMBAU GRANDE - VERNIZ COMPLETO ,1014,,,
BOMBO,,categoria,,
INOX ,,sub,,
"BIN3022 - FUZILEIRO - 30cm x 22"" - 10 AFINAÇÕES ","4143,75",,,
ALUMÍNIO ,,sub,,
"BAL3022 - FUZILEIRO - 30cm x 22"" - 10 AFINAÇÕES ","3812,25",,,
"BAL3022CR - FUZILEIRO - 30cm x 22"" - 10 AFINAÇÕES - CROMADO ","4309,5",,,
MADEIRA ,,sub,,
"BME3022 - FUZILEIRO - 30cm x 22"" - 10 AFINAÇÕES","3480,75",,,
"BME3022CR - FUZILEIRO - 30cm x 22"" - 10 AFINAÇÕES - CROMADO ","4143,75",,,
CHAVE DE AFINAÇÃO ,,sub,,
888G - CHAVE DE AFINAÇÃO TUBULAR ,"77,9025",,,
"891G - CHAVE DE AFINAÇÃO EM ""L"" PROFISSIONAL ","165,75",,,
,,,,
ACESSÓRIOS ,,sub,,
BA19 - BAQUETA CURTA COM ALÇA - PONTA DE BORRACHA - UNIDADE,"67,9575",,,
BA20 - BAQUETA CURTA COM ALÇA - PONTA FORRADA - UNIDADE ,"78,73125",,,
830G - TIRANTE 30cm ZINCADO - COM PORCA - UNIDADE ,"46,90725",,,
842 - TALABARTE DE COURO 2 GANCHOS ,"326,5275",,,
842N - TALABARTE DE NYLON 2 GANCHOS ,"162,435",,,
BONGÔ,,categoria,,
"912PS - 6,5"" x 8""- ARO EPOXI",3315,,,
"912 - 6,5"" x 8""- CRAQUEADO - MADEIRA NOBRE ","4475,25",,,
CHAVE DE AFINAÇÃO PREÇO SUGERIDO,,sub,,
889G - CHAVE DE AFINAÇÃO 16/17 ,"142,8765",,,
ESTANTE PROFISSIONAL PREÇO SUGERIDO,,sub,,
5998 - ESTANTE PARA BONGO REFORÇADA,"2983,5",,,
ACESSÓRIO PREÇO SUGERIDO,,sub,,
845G - TIRANTE PARA BONGO/ATABAQUE COM PORCA (PACOTE 4 UNIDADES) ,"331,5",,,
CAIXA,,categoria,,
"10""",,sub,,
"BAL1010 - TAROL -10cm x 10"" - 6 AFINAÇÕES ","1657,5",,,
"12"" ",,sub,,
"BAL612 - REPIQUE - 6cm x 12"" - 6 AFINAÇÕES ","1657,5",,,
"BAL1012 - TAROL -10cm x 12"" - 6 AFINAÇÕES ","1906,125",,,
"BAL1512 - GUERRA - 15cm x 12"" - 6 AFINAÇÕES",1989,,,
"BAL2012M - MALACACHETA - 20cm x 12"" - 6 AFIN. - c/BORDÃO ","2303,925",,,
"BAL2012MPP - MALACACHETA - 20cm x 12"" - 6 AFIN. - c/BORDÃO (2 CORES)",2652,,,
COD. BAL1512CR - CAIXA ALUMINIO ARO CROMADO 12X15CM 6 BORDOES ,2300,2400,2500,2650
"BAL2012M - BAL2012M6 MALACACHETA - 20cm x 12"" - 6 AFIN. - c/BORDÃO 6 FIOS ","2469,675",,,
"14""",,sub,,
ALUMÍNIO,,sub,,
"BAL614 - ALUMÍNIO - REPIQUE - 6cm x 14"" - 6 AFINAÇÕES ","1906,125",,,
"BAL1014 - ALUMÍNIO - TAROL - 10cm x 14"" - 6 AFINAÇÕES ","2038,725",,,
"BAL1514 - ALUMÍNIO - GUERRA - 15cm x 14"" - 6 AFINAÇÕES ","2154,75",,,
"BAL1514CR - ALUMÍNIO - GUERRA - 15cm x 14"" - 6 TIRANTES - ARO CROMADO ","2453,1",,,
"BAL2014PP - ALUMÍNIO - GUERRA - 20cm x 14"" - 6 BORDOES  ","3457,545",,,
INOX ,,sub,,
"BIN1014 - INOX - TAROL - 10cm x 14"" - 6 AFINAÇÕES ","2632,5",,,
CHAVE DE AFINAÇÃO ,,sub,,
888G - CHAVE DE AFINAÇÃO TUBULAR,"77,9025",,,
"891G - CHAVE DE AFINAÇÃO EM ""L"" PROFISSIONAL ","165,75",,,
ACESSÓRIOS PARA CAIXA ,,sub,,
BA01 - BAQUETA PARA CAIXA REPIQUE/TAROL - PAR ,"67,9575",,,
BA02 - BAQUETA PARA CAIXA DE GUERRA - PAR ,"78,73125",,,
BA03 - BAQUETA PARA REPINIQUE MADEIRA LISA - UNIDADE ,"20,71875",,,
BA11 - BAQUETA PARA CAIXA REPIQUE COM PONTA DE NYLON - PAR,"79,56",,,
2300 - BORDÃO PARA MALACACHETA ,"42,26625",,,
841 - TALABARTE DE COURO 1 GANCHO ,"281,775",,,
841N - TALABARTE DE NYLON 1 GANCHO,"147,5175",,,
842 - TALABARTE DE COURO 2 GANCHOS ,"331,5",,,
842N - TALABARTE DE NYLON 2 GANCHOS ,"162,435",,,
825G - TIRANTE 6CM ZINCADO - COM PORCA - UNIDADE ,"19,89",,,
826G - TIRANTE 10CM ZINCADO - COM PORCA - UNIDADE,"24,8625",,,
827G - TIRANTE 15CM ZINCADO - COM PORCA - UNIDADE ,"29,00625",,,
828G - TIRANTE 20CM ZINCADO - COM PORCA - UNIDADE,"36,465",,,
848G - ESTICADOR DE BORDAO 20CM - 6 FIOS - COM PORCA ,"66,3",,,
"2320 - ESTEIRA 6 FIOS 12"" ","162,435",,,
"2324 - ESTEIRA 6 FIOS 14"" ","170,7225",,,
"2321 - ESTEIRA 12 FIOS 12"" ","187,2975",,,
"2325 - ESTEIRA 12 FIOS 14"" ","202,215",,,
"2322 - ESTEIRA 18 FIOS 12"" ","205,53",,,
"2326 - ESTEIRA 18 FIOS 14""","229,56375",,,
"2323 - ESTEIRA 24 FIOS 12"" ","241,995",,,
"2327 - ESTEIRA 24 FIOS 14"" ","246,13875",,,
"2328 - ESTEIRA 30 FIOS 14""","293,046",,,
"2329 - ESTEIRA 36 FIOS 14"" ","338,13",,,
"2330 - ESTEIRA 40 FIOS 14"" ","362,9925",,,
CARRILHÃO,,categoria,,
SIMPLES ,,sub,,
555 - 30 NOTAS SIMPLES - ESCALA SONORA ,"1540,5",,,
557 - 40 NOTAS SIMPLES - ESCALA SONORA,2145,,,
DUPLO ,,sub,,
556 - 60 NOTAS - DUPLO - ESCALA SONORA ,2925,,,
558 - 80 NOTAS - DUPLO - ESCALA SONORA ,4290,,,
CAPA ,,sub,,
CAP555 -CAPA PARA CARRILHÃO PEQUENO ,"175,5",,,
CAP558 - CAPA PARA CARRILHÃO GRANDE ,195,,,
ESTANTE,,sub,,
EST-CAR ESTANTE DE CARRILHÃO ,1755,,,
CAXIXI,,categoria,,
5011 - CAXIXI PEQUENO ,273,,,
5012 - CAXIXI MÉDIO ,312,,,
5013 - CAXIXI GRANDE ,468,,,
CLAVE DE RUMBA,,categoria,,
CRME - CLAVE DE RUMBA ,468,,,
CONGA,,categoria,,
"902-24R - REQUINTO - 80cm x 9""3/4","12099,75",,,
903-26R - QUINTO - 80cm x 11” ,"12762,75",,,
904-27R - CONGA - 80cm x 11”3/4 ,"13591,5",,,
905-28R - TUMBADORA (TUMBA) - 80cm x 12”1/2 ,"14055,6",,,
ESTANTE ,,sub,,
5999 - SUPORTE PARA CONGA/TUMBADORA INDIVIDUAL ,"2817,75",,,
5999D - SUPORTE PARA CONGA/TUMBADORA CENTRAL DUPLA ,"3149,25",,,
 CHAVE DE AFINAÇÃO ,,sub,,
889G - CHAVE DE AFINAÇÃO 16/17 ,"142,8765",,,
ACESSÓRIOS ,,sub,,
846 - TIRANTE PARA TUMBADORA (PACOTE COM 5),"414,375",,,
"848  - COLUNA PARA TUMBADORA COMPLETA, CRAQUEADA (UNIDADE)","580,125",,,
CONGA COMPACTA,,categoria,,
"903-904CPT - QUINTO 11"" E CONGA 11""3/4 COM SUPORTE ",16575,,,
"904-905CPT - CONGA 11"" 3/4 E TUMBA 12"" 1/2 COM SUPORTE ","19061,25",,,
"903-904-905CPT - QUINTO 11"", CONGA 11"" 3/4 E TUMBA 12"" 1/2 COM SUPORTE ",23205,,,
CHAVE DE AFINAÇÃO ,,sub,,
891G - CHAVE DE AFINAÇÃO ALIEN,"86,19",,,
CORNETA,,categoria,,
CORNETA ,,sub,,
3200 - CORNETA CURTA EM SIB NIQUELADA ,"3944,85",,,
3201 - CORNETA CURTA EM RÉ NIQUELADA ,"3772,1385",,,
3202 - CORNETA LONGA EM SIB NIQUELADA,"3772,1385",,,
3203 - CORNETA LONGA EM DÓ NIQUELADA ,"4384,0875",,,
3205 - CORNETA LONGA EM FÁ (MOR) NIQUELADA ,"4117,23",,,
3220 - CLARIM EM MIB NIQUELADO,"4773,6",,,
CORNETA,,categoria,,
3200G - CORNETA CURTA EM SIB NIQUELADA C/ GATILHO E CHAVE D'AGUA,"6004,29375",,,
3201G - CORNETA CURTA EM RÉ NIQUELADA C/ GATILHO E CHAVE D'AGUA,"5465,772",,,
3202G - CORNETA LONGA EM SIB NIQUELADA C/ GATILHO E CHAVE D'AGUA ,"5718,375",,,
3205G - CORNETA LONGA EM FÁ (MOR) NIQUELADA C/ GATILHO E CHAVE D'AGUA ,"6252,09",,,
3220G - CLARIM EM MIB NIQUELADO C/ GATILHO E CHAVE D'AGUA,"6576,13125",,,
BOCAL ,,sub,,
2500 - BOCAL PARA CORNETAS ,"667,14375",,,
CORNETÃO,,categoria,,
CORNETÃO ,,sub,,
3210 - CORNETÃO HORIZONTAL EM SIB NIQUELADO ,"5756,4975",,,
3211 - CORNETÃO HORIZONTAL EM FÁ NIQUELADO,"6252,09",,,
3212 - CORNETÃO HORIZONTAL EM MIB NIQUELADO ,"7046,86125",,,
CORNETÃO,,categoria,,
3210G - CORNETÃO HORIZONTAL EM SIB NIQUELADO C/ GATILHO E CHAVE D'AGUA ,"11436,75",,,
3211G - CORNETÃO HORIZONTAL EM FÁ NIQUELADO C/ GATILHO E CHAVE D'AGUA ,"13143,975",,,
3212G - CORNETÃO HORIZONTAL EM MIB NIQUELADO C/ GATILHO E CHAVE D'AGUA,"14751,75",,,
BOCAL ,,sub,,
2501 - BOCAL PARA CORNETÕES ,"1181,7975",,,
CUÍCA,,categoria,,
INOX ,,sub,,
"BIN2506C - 25cm x 6"" - 5 AFINAÇÕES - ARO LARGO","1408,875",,,
"BIN2508C - 25cm x 8"" - 8 AFINAÇÕES - ARO LARGO ","2071,875",,,
ALUMÍNIO ,,sub,,
"731 - 17cm x 6"" - 5 AFINAÇÕES ","877,5",,,
"BAL2506C - 25cm x 6"" - 5 AFINAÇÕES - ARO LARGO ","1462,5",,,
"BAL2508C - 25cm x 8"" - 8 AFINAÇÕES - ARO LARGO",2262,,,
"BAL2508CPP - 25cm x 8"" - 8 AFINAÇÕES - ARO LARGO - (2 CORES) ",2730,,,
"BAL2609CC - 26cm x 9"" - 9 AFINAÇÕES - ARO LARGO ",2691,,,
"BAL3010C - 30cm x 10"" - 10 AFINAÇÕES - ARO LARGO ","2632,5",,,
"BAL3010CPP - 25cm x 10"" - 8 AFINAÇÕES - ARO LARGO - (2 CORES) ","2817,75",,,
BAL3010CCR  - CUICA 10 ALUMINIO ARO CROMADO ,2700,,,
ESPECIAL ,,sub,,
"BINOURO - INOX 10"" - FERRAGENS DE LATÃO - 10 AFINAÇÕES ","4889,625",,,
"BALOURO - ALUMINIO 10"" - FERRAGENS DE LATÃO - 10 AFINAÇÕES ",4641,,,
"BMEOURO - MADEIRA 8"" - FERRAGEM DE LATÃO - 8 AFINAÇÕES ","4972,5",,,
CHAVE DE AFINAÇÃO ,,sub,,
890G - CHAVE DE AFINAÇÃO ESTAMPADA,"48,75",,,
888G - CHAVE DE AFINAÇÃO TUBULAR,"91,65",,,
"891G - CHAVE DE AFINAÇÃO EM ""L"" PROFISSIONAL ",195,,,
888GS - CHAVE DE AFINAÇÃO TUBULAR ESPECIAL ,"214,5",,,
ACESSÓRIOS ,,sub,,
2230 - VARETA DE BAMBU PARA CUICA (GAMBITO) - (PACOTE COM 2) ,"124,8",,,
839 - GORGURÃO 22CM PROFISSIONAL (PACOTE COM 10 UNIDADES) ,1170,,,
842 - TALABARTE DE COURO 2 GANCHOS ,390,,,
842N - TALABARTE DE NYLON 2 GANCHOS ,"191,1",,,
828G - TIRANTE 20cm ZINCADO - COM PORCA -UNIDADE ,39,,,
828GG - TIRANTE 23cm ZINCADO - COM PORCA -UNIDADE ,"46,8",,,
829G - TIRANTE 25cm ZINCADO - COM PORCA - UNIDADE ,"48,75",,,
DJÊMBE,,categoria,,
"853 - 13"" - 7 AFINAÇÕES - PELE LAMINADA",6630,,,
"854 - 14"" - 8 AFINAÇÕES - PELE LAMINADA","6878,625",,,
CHAVE DE AFINAÇÃO PARA TIRANTE,,sub,,
892G - CHAVE DE AFINAÇÃO 12/13 ,"101,1075",,,
ACESSÓRIOS ,,sub,,
848G - TIRANTE PARA DJEMBE (PACOTE COM 8 UNIDADES) ,"414,375",,,
"849 - COLUNA PARA DJEMBE, EPOXI (PACOTE COM 8 UNIDADES) ","911,625",,,
842 - TALABARTE DE COURO 2 GANCHOS,"326,5275",,,
842N - TALABARTE DE NYLON 2 GANCHOS,"162,435",,,
GANZÁ,,categoria,,
PLÁSTICO ,,sub,,
834S - OVINHO ,"136,5",,,
ALÚMINIO ,,sub,,
"836S - MIRIM - 13,5cm x 4,5cm ",273,,,
"837S - PEQUENO SIMPLES - 22cm x 5,1cm ","370,5",,,
"838S - MEDIO SIMPLES - 30cm x 6,5cm ","526,5",,,
"839S - GRANDE SIMPLES 39cm X 7,5cm ",663,,,
PANDEIRÃO,,categoria,,
ALÚMINIO - CORPO DE 10 CM ,,sub,,
"655PAN - 14"" - 6 COL. - PELE NYLON - EPOXI ",3120,,,
"656PAN - 16"" - 7 COL. - PELE NYLON - EPOXI ",3588,,,
"657PAN - 18"" - 8 COL. - PELE NYLON - EPOXI ",4017,,,
"658PAN - 20"" - 9 COL. - PELE NYLON - EPOXI",4446,,,
"659PAN - 22"" - 10 COL. - PELE NYLON - EPOXI",4680,,,
"660PAN - 24"" - 11 COL. - PELE NYLON - EPOXI ",4875,,,
ACESSÓRIOS ,,sub,,
"843GN - TIRANTE REBOLO/TAMTAM ""POP LINE"" COM PORCA (PACOTE COM 12) ",546,,,
CHAVE DE AFINAÇÃO ,,sub,,
888G - CHAVE DE AFINAÇÃO TUBULAR,"91,65",,,
"891G - CHAVE DE AFINAÇÃO EM ""L"" PROFISSIONAL ",195,,,
PANDEIRO,,categoria,,
INICIANTE ,,sub,,
"628PE - 8"" - 5 TIRANTES - 8 PRATINELAS - PELE NYLON - MADEIRA ENVERN. ","760,5",,,
"628PEA - 8"" - 5 TIRANTES - 8 PRATINELAS - PELE ANIMAL - MADEIRA ENVERN.",975,,,
"628PES - 8"" - MOD. SINFÔNICO - 26 PRATINELAS INOX - PELE ANIMAL PREGADA ",1131,,,
"631PE - 10"" - 6 TIRANTES - 10 PRATINELAS - PELE NYLON - MADEIRA ENVERN.",897,,,
"631PEA - 10"" - 6 TIRANTES - 10 PRATINELAS - PELE ANIMAL - MADEIRA ENVERN. ","1150,5",1200,1300,1380
"631PF - 10"" - 6 TIRANTES - 10 PRATINELAS - PELE NYLON - FÓRMICA",1014,,,
"631PFH - 10"" - 6 TIRANTES - 10 PRATINELAS - PELE HOLOGRAFICA - FÓRMICA",1170,,,
"632PE - 11"" - 7 TIRANTES - 12 PRATINELAS - PELE NYLON - MADEIRA ENVERN. ","1033,5",,,
"632PEA - 11"" - 7 TIRANTES - 12 PRATINELAS - PELE ANIMAL - MADEIRA ENVERN. ",1365,,,
"632PF - 11"" - 7 TIRANTES - 12 PRATINELAS - PELE NYLON- FÓRMICA ",1638,,,
"632PFH - 11"" - 7 TIRANTES - 12 PRATINELAS - PELE HOLOGRAFICA - FÓRMICA ","1306,5",,,
"635PE - 12"" - 12 TIRANTES - 12 PRATINELAS - PELE NYLON - MADEIRA ENVERN. ","1189,5",,,
"635PEA - 12"" - 12 TIRANTES - 12 PRATINELAS -PELE ANIMAL - MADEIRA ENVERN.","1501,5",,,
"635PF - 12"" - 12 TIRANTES - 12 PRATINELAS - PELE NYLON - FÓRMICA","1306,5",,,
"635PFH - 12"" - 12 TIRANTES - 12 PRATINELAS - PELE HOLOGRAFICA - FÓRMICA ","1423,5",,,
PROFISSIONAL 1 AFINAÇÃO ,,sub,,
"641PEH - 10"" - 7 COL. - PELE HOLOGRAFICA - 24 PRATINELAS - MAD. ENVERN. ","2154,75",,,
"641PEP - 10"" - 7 COL. - PELE POROSA - 24 PRATINELAS - MAD. ENVERN. ","2154,75",,,
"641PP - 10"" - 7 COL. - PELE POROSA - 24 PRATINELAS FÓRMICA - (2 CORES) ","2370,225",2400,2600,2680
"644PEH - 11"" - 8 COL. - PELE HOLOGRAFICA - 28 PRATINELAS - MAD. ENVERN. ","2320,5",,,
"644PEP - 11"" - 8 COL. - PELE POROSA - 28 PRATINELAS - MAD. ENVERN.","2320,5",,,
"644PP - 11"" - 8 COL. - PELE POROSA - 28 PRATINELAS FÓRMICA - (2 CORES) ","2552,55",2600,2750,2880
"644TB - 11"" - 8 COL. - PELE POROSA - 28 PRATINELAS FÓRMICA - (TRIBAL)",2652,,,
"647PEH - 12"" - 9 COL. - PELE HOLOGRÁFICA - 32 PRATINELAS - MAD. ENVERN.","2486,25",,,
"647PEP - 12"" - 9 COL. - PELE POROSA - 32 PRATINELAS - MAD. ENVERN","2486,25",2600,,
"647PP - 12"" - 9 COL. - PELE NYLON - 32 PRATINELAS FÓRMICA - (2 CORES)","2734,875",2800,3000,3100
PROFISSIONAL 2 AFINAÇÃO ,,sub,,
"641PECR - 10""- 14 COL. - PELE HOLOG. - 24 PRATINELAS - 6 ABAFAD. ","2403,375",,,
"641PECRP - 10""- 14 COL. - PELE POROSA / HD PRETA - 24 PRATINELAS - 6 ABAFAD. ","2403,375",,,
"644PECR - 11""- 16 COL. - PELE HOLOG. - 28 PRATINELAS - 7 ABAFADORES ","2569,125",,,
"644PECRP - 11""- 16 COL. - PELE POROSA / HD PRETA - 28 PRATINELAS - 7 ABAFAD. ","2569,125",,,
"647PECR - 12"" 18 COL. - PELE HOLOG. - 32 PRATINELAS - 8 ABAFADORES ","2734,875",,,
CHORO ,,sub,,
"628PECRA - 8"" - 5 COLUNAS - PELE ANIMAL - 8 PRATINELAS - 4 ABAFADORES ",1521,,,
"640PECRA - 10"" - 7 COLUNAS - PELE ANIMAL - 24 PRATINELAS - 6 ABAFADORES ",1911,,,
"643PECRA - 11""- 8 COLUNAS - PELE ANIMAL - 28 PRATINELAS - 7 ABAFADORES ",2145,,,
CHORINHO ESPECIAL ,,sub,,
"650CRA - 10""- 7 COLUNAS - PRATINELA LINHA TITANIUM","1852,5",,,
"650CRA4 - 10""- 7 COLUNAS -PRATINELA COM 4 CHUVEIRINHOS ",2340,,,
"650CRA8 - 10""- 7 COLUNAS - PRATINELA COM 8 CHUVEIRINHOS ",2496,,,
"650-LT - 10""- 7 COLUNAS - PRATINELA DE LATÃO CONCAVAS","1930,5",1980,2150,2200
"651CRA - 11"" - 8 COLUNAS - PRATINELA LINHA TITANIUM ","2437,5",,,
"651CRAC - 11""- 8 COLUNAS - 7 PARES DE PRATINELAS DE LATÃO CONCAVAS ",2535,,,
CHAVE DE AFINAÇÃO ,,sub,,
854G - CHAVE DE AFINAÇÃO ESTAMPADA PEQUENA ,"44,85",,,
"850G - CHAVE DE AFINAÇÃO PEQUENA REFORÇADA ""T""",156,,,
ACESSÓRIOS ,,sub,,
841CP - TIRANTE PARA PANDEIRO COM PORCA (PACOTE COM 18) ,312,,,
"850P - COLUNA PARA PANDEIRO DE ALUMÍNIO, COMPLETO (PACOTE COM 18)",351,,,
PRATO,,categoria,,
"770B - 13"" PAR DE PRATOS PARA BANDA EM LATÃO - LIGA SONORA ",2652,,,
ACESSÓRIOS ,,sub,,
851 - CORREIA PARA PRATO EM COURO- PAR ,"134,55",,,
REBOLO,,categoria,,
RETO ALUMINIO,,sub,,
"LAL5012SMN - 50cm x 12"" - 6 COLUNAS - PELE NAPA","2270,775",,,
"LAL5012SMCR - 50cm x 12"" - 6 AFINAÇOES - PELE NAPA - CROMADO ","2436,525",,,
RETO MADEIRA ,0,sub,,
"LME5012SMN - 50cm x 12"" - 6 COLUNAS - PELE NAPA - REFORÇO INF. ","2121,6",,,
"LME5012SMCR - 50cm x 12"" - 6 AFINAÇOES - PELE NAPA - REFORÇO INF. - CROMADO","2453,1",,,
CÔNICO ALUMINIO,0,sub,,
"LAL4510TMA - 45cm x 10"" - 5 AFINAÇOES - PELE ANIMAL ","2204,475",,,
"LAL4510TMAP - 45cm x 10"" - 5 AFINAÇOES - PELE ANIMAL - PINTADO ","2318,8425",,,
"LAL4510TMAPP - 45cm x 10"" - 5 AFINAÇOES - PELE ANIMAL - PINTADO (2 CORES) ","2569,125",,,
"LAL4510TMACRP - 45cm x 10"" - 5 AFINAÇOES - PELE ANIMAL - PINTADO - CROMADO ","2701,725",,,
"LAL5511TMA - 55cm x 11"" - 5 AFINAÇOES - PELE ANIMAL ","2983,5",,,
"LAL5511TMAP - 55cm x 11"" - 5 AFINAÇOES - PELE ANIMAL - PINTADO ","3132,675",,,
" LAL5511TMAPP - 55cm x 11"" - 5 AFINAÇOES - PELE ANIMAL - PINTADO (2 CORES) ","3397,875",3300,3600,3680
"LAL5511TMACR - 55cm x 11"" - 5 AFINAÇOES - PELE ANIMAL - CROMADO","3182,4",,,
"LAL5511TMACRP - 55cm x 11"" - 5 AFINAÇOES - PELE ANIMAL - CROMADO - PINTADO ","3480,75",,,
"LAL4512TMA - 45cm x 12"" - 6 AFINAÇÕES - PELE ANIMAL ","2983,5",,,
"LAL4512TMAPP - 45cm x 12"" - 6 AFINAÇÕES - PELE ANIMAL - (2 CORES) ","3563,625",,,
"LAL4512TMACR - 45cm x 12"" - 6 AFINAÇOES - PELE ANIMAL - CROMADO","3149,25",,,
"LAL4512TMACRP - 45cm x 12"" - 6 AFINAÇOES - PELE ANIMAL - PINTADO - CROMADO ",3315,,,
CONICO MADEIRA,,sub,,
"LME5010TMA - 50cm x 10"" - 5 AFINAÇOES - PELE ANIMAL","1823,25",,,
"LME5010TMAP - 50cm x 10"" - 5 AFINAÇOES - PELE ANIMAL - PINTADO ","2154,75",,,
"LME5010TMAPP - 50cm x 10"" - 5 AFINAÇOES - PELE ANIMAL - PINTADO (2 CORES)","2370,225",,,
"LME5010TMACR - 50cm x 10"" - 5 AFINAÇOES - PELE ANIMAL ","2121,6",,,
"LME5010TMACRP - 50cm x 10"" - 5 AFINAÇOES - PELE ANIMAL - PINTADO ","2320,5",,,
"LME4512TMA - 45cm x 12"" - 6 AFINAÇÕES - PELE ANIMAL","2635,425",,,
POP LINE by GOPE ,,categoria,,
RETO,,sub,,
"RFE5012SM 50cm x 12"" - ARO REDONDO - 6 COLUNAS - PELE NAPA ",1989,,,
"RFE5012SMP 50cm x 12"" - ARO REDONDO - 6 COLUNAS - PELE NAPA - PINTADO ","2187,9",,,
CÔNICO ,,sub,,
"RFE4512TMN - 45cm x 12"" - ARO REDONDO - 6 COLUNAS - PELE NAPA ","2154,75",,,
"RFE4512TMNP - 45cm x 12"" - ARO REDONDO - 6 COLUNAS - PELE NAPA -PINTADO","2370,225",,,
CHAVE DE AFINAÇÃO ,,sub,,
890G - CHAVE DE AFINAÇÃO ESTAMPADA ,"41,4375",,,
ACESSÓRIOS ,,sub,,
844G - TIRANTE PARA REBOLO/TIMBA/TAMTAM COM PORCA (PACOTE COM 6),"265,2",,,
"851C - COLUNA REBOLO/TIMBA/TAMTAM, COMPLETO - EPOXI (PACOTE COM 6) ",663,,,
"843G - TIRANTE REBOLO/TAMTAM ""POP LINE"" COM PORCA (PACOTE COM 6)","232,05",,,
"855C - COLUNA REBOLO/TAMTAM ""POP LINE"" COMPLETO (PACOTE COM 6) ","480,675",,,
842 - TALABARTE DE COURO 2 GANCHOS ,"331,5",,,
842N - TALABARTE DE NYLON 2 GANCHOS,"162,435",,,
RECO-RECO,,categoria,,
FERRO ,,sub,,
763 2 - MOLAS PINTURA EPOXI - GUIRO ,"487,5",,,
764 3 - MOLAS PINTURA EPOXI - GUIRO ,663,,,
764P - 3 MOLAS PINTURA EPOXI - QUADRADO ,"760,5",,,
ALUMÍNIO ,,sub,,
767 - 4 MOLAS COM REFORÇO NAS LATERIAIS,1014,,,
767P - 4 MOLAS COM REFORÇO NAS LATERIAIS - PINTADO ,"1111,5",,,
ACESSÓRIOS ,,sub,,
BA35 - BAQUETA DE RECO PARA REPOSIÇÃO ,"97,5",,,
2024FR - MOLA DE RECO (PACOTE COM 3 UNIDADES),"175,5",,,
REPINIQUE,,categoria,,
ALUMÍNIO ,,sub,,
"BAL3008R - 30cm x 8"" - ARO - 5 AFINAÇÕES - BACURINHA","1657,5",,,
"BAL3010R - 30cm x 10"" - ARO - 6 AFINAÇÕES ","2071,875",2100,2300,2380
"BAL3010RCR - 30cm x 10"" - ARO - 6 AFINAÇÕES ","2237,625",,,
"BAL3012R - 30cm x 12"" - ARO - 7 AFINAÇÕES","2254,2",,,
"BAL3012RPP - 30cm x 12"" - ARO - 7 AFINAÇÕES 2 COORES","2727,582",,,
 BAL3012RCR - REPINIQUE ALUMINIO ARO CROMADO 12X30 7 TENSORES,2350,2380,2550,2650
"BAL3012R12 - 30cm x 12"" - ARO - 12 AFINAÇÕES ","2635,425",,,
"BAL3012R12CR - 30cm x 12"" - ARO - 12 AFINAÇÕES ","2751,45",,,
CHAVE DE AFINAÇÃO ,,sub,,
888G - CHAVE DE AFINAÇÃO TUBULAR ,"48,75",,,
"891G - CHAVE DE AFINAÇÃO EM ""L"" PROFISSIONAL ",195,,,
ACESSÓRIOS ,,sub,,
BA03 - BAQUETA PARA REPINIQUE MADEIRA LISA - UNIDADE ,"24,375",,,
BA21 - BAQUETA DE NYLON PARA REPINIQUE - UNIDADE,"175,5",,,
830G - TIRANTE 30CM ZINCADO - COM PORCA - UNIDADE ,"55,185",,,
841 - TALABARTE DE COURO 1 GANCHO,"331,5",,,
841N - TALABARTE DE NYLON 1 GANCHO,"173,55",,,
REPIQUE DE ANEL,,categoria,,
ALUMÍNIO ,,sub,,
"LAL3012RAA - 30cm x 12""- 10 COLUNAS - AFINAÇÃO IND.","2966,925",,,
"LAL3012RAAP - 30cm x 12""- 10 COLUNAS - AFINAÇÃO IND.- PINTADO ","3215,55",,,
"LAL3012RAAPP - 30cm x 12""- 10 COLUNAS - AFINAÇÃO IND.- PINTADO (2 CORES) ","3480,75",3450,3700,3850
"LAL3012RAACR - 30cm x 12""- 10 COLUNAS - AFINAÇÃO IND.","3646,5",,,
CHAVE DE AFINAÇÃO ,,sub,,
890G - CHAVE DE AFINAÇÃO ESTAMPADA ,"41,4375",,,
ACESSÓRIOS ,,sub,,
844G - TIRANTE PARA REBOLO/TIMBA COM PORCA (PACOTE COM 6),"265,2",,,
"851C - COLUNA REBOLO/TIMBA/TAMTAM, COMPLETO - EPOXI (PACOTE COM 6)",663,,,
REPIQUE DE MÃO,,categoria,,
ALUMÍNIO ,,sub,,
"LAL3010RM - 30cm x 10"" - 5 AFINAÇÕES ",,,,
"LAL3010RMP - 30cm x 10"" - 5 AFINAÇÕES - PINTADO ","1856,4",,,
"LAL3010RMCR - 30cm x 10"" - 5 AFINAÇÕES - CROMADO ","2154,75",,,
"LAL3011RM - 30cm x 11"" - 6 AFINAÇÕES ","1839,825",,,
"LAL3011RMP - 30cm x 11"" - 6 AFINAÇÕES - PINTADO ","1972,425",,,
"LAL3011RMPP - 30cm x 11"" - AFINAÇÕES - (2 CORES)","2154,75",2200,2350,2480
"LAL3012RM - 30cm x 12"" - 6 AFINAÇÕES ","2038,725",,,
"LAL3012RMP - 30cm x 12"" - 6 AFINAÇÕES - PINTADO ","2171,325",,,
MADEIRA ,,sub,,
"LME3010RM - 30cm x 10""- 5 AFINAÇÕES - REFORÇO INFERIOR","1491,75",,,
"LME3010RMP - 30cm x 10""- 5 AFINAÇÕES - REFORÇO INFERIOR - PINTADO ","1640,925",,,
"LME3012RM - 30cm x 12""- 6 AFINAÇÕES - REFORÇO INFERIOR ","2071,875",,,
"LME3012RMP - 30cm x 12""- 6 AFINAÇÕES - REFORÇO INFERIOR - PINTADO ","2279,0625",,,
POP LINE by GOPE ,,categoria,,
"RFE3010RM - 30cm x 10"" - ARO REDONDO - 5 COLUNAS ","1475,175",,,
"RFE3010RMP - 30cm x 10"" - ARO REDONDO - 5 COLUNAS - PINTADO ","1624,35",,,
"RFE3012RM - 30cm x 12"" - ARO REDONDO - 6 COLUNAS","2547,5775",,,
"RFE3012RMP - 30cm x 12"" - ARO REDONDO - 6 COLUNAS - PINTADO ","1922,7",,,
CHAVE DE AFINAÇÃO ,,sub,,
890G - CHAVE DE AFINAÇÃO ESTAMPADA ,"41,4375",,,
ACESSÓRIOS ,,sub,,
844G - TIRANTE PARA REBOLO/TIMBA COM PORCA (PACOTE COM 6) ,"265,2",,,
"851C - COLUNA REBOLO/TIMBA/TAMTAM, COMPLETO - EPOXI (PACOTE COM 6) ",663,,,
"843G - TIRANTE REBOLO/TAMTAM ""POP LINE"" COM PORCA (PACOTE COM 6)","232,05",,,
"855C - COLUNAREBOLO/TAMTAM ""POP LINE"" COMPLETO (PACOTE COM 6)","480,675",,,
ROCAR (CHOCALHO),,categoria,,
ALUMÍNIO ,,sub,,
530 - ROCAR - CARNAVAL 3 COLUNAS - 60 PRATINELAS ,975,,,
530L - ROCAR - CARNAVAL 2 COLUNAS - 60 PRATINELAS ,936,,,
MADEIRA ,,sub,,
531 - ROCAR - PRATINELA PEQUENA CORPO MADEIRA - 3 FILEIRAS ,390,,,
536 - ROCAR - PRATINELA GRANDE CORPO MADEIRA 5 FILEIRAS ,780,,,
538 -ROCAR/CHOCALHO MADERA ,1200,,,
3390,,categoria,,
INOX ,,sub,,
"BIN3014 - 30cm x 14"" - 6 AFINAÇÕES - MÉDIO","2403,375",,,
"BIN6014 - 60cm x 14"" - 6 AFINAÇÕES - GIGANTE ","3480,75",,,
ALUMÍNIO ,,sub,,
"BAL2012 - 20cm x 12"" - 6 AFINAÇÕES - JÚNIOR MÉDIO ","1823,25",,,
"BAL3014 - 30cm x 14"" - 6 AFINAÇÕES - MÉDIO ","2221,05",,,
"BAL4514 - 45cm x 14"" - 6 AFINAÇÕES - MÓR","2486,25",,,
"BAL4518 - 45m x 18"" - 8 AFINAÇÕES ","3646,5",,,
"BAL4518P - 45m x 18"" - 8 AFINAÇÕES - PINTADO ","4011,15",,,
BAL4518CR - SURDO ALUMINIO ARO CROMADO 2 COUROS 18X45CM,4500,,,
"BAL4520 - 45cm x 20"" - 10 AFINAÇÕES","4143,75",,,
"BAL4520P - 45cm x 20"" - 10 AFINAÇÕES - PINTADO","4558,125",,,
"BAL4522 - 45cm x 22"" - 10 AFINAÇÕES","4806,75",,,
"BAL4522P - 45cm x 22"" - 10 AFINAÇÕES - PINTADO","5287,425",,,
BAL4522CR - SURDO ALUMINIO ARO CROMADO 2 COUROS 22X45CM,5900,,,
"BAL5016 - 50cm x 16"" - 8 AFINAÇÕES ","3232,125",,,
"BAL5018 - 50cm x 18"" - 8 AFINAÇÕES ","3812,25",,,
"BAL5020 - 50cm x 20"" - 10 AFINAÇÕES - TERCEIRA ","4442,1",,,
"BAL5022 - 50cm x 22"" - 10 AFINAÇÕES - SEGUNDA ","5138,25",,,
"BAL5024 - 50cm x 24"" - 12 AFINAÇÕES - PRIMEIRA ","5801,25",,,
"BAL5026 - 50cm x 26"" - 12 AFINAÇÕES - PRIMEIRA ",6630,,,
BAL5026CR - SURDO ALUMINIO ARO CROMADO 2 COUROS 26X50CM,6200,,,
"BAL5028 - 50cm x 28"" - 14 AFINAÇÕES - PRIMEIRA","7458,75",,,
"BAL6014 - 60cm x 14"" - 6 AFINAÇÕES ","2983,5",,,
"BAL6018 - 60cm x 18"" - 8 AFINAÇÕES ","4309,5",,,
"BAL6020 - 60cm x 20"" - 10 AFINAÇÕES - TERCEIRA","5469,75",,,
"BAL6022 - 60cm x 22"" - 10 AFINAÇÕES - SEGUNDA","6116,175",,,
"BAL6024 - 60cm x 24"" - 12 AFINAÇÕES - PRIMEIRA ","6795,75",,,
"BAL6026 - 60cm x 26"" - 12 AFINAÇÕES - PRIMEIRA",7293,,,
"BAL6028 - 60cm x 28"" - 14 AFINAÇÕES - PRIMEIRA ","7790,25",,,
MADEIRA ,,sub,,
"BME3014 - 30cm x 14"" - 6 AFINAÇÕES - MÉDIO ",1989,,,
"BME4514 - 45cm x 14"" - 6 AFINAÇÕES - MÓR ","2320,5",,,
"BME5018 - 50cm x 18"" - 8 AFINAÇÕES",3315,,,
"BME5020 - 50cm x 20"" - 10 AFINAÇÕES ","3812,25",,,
"BME5022 - 50cm x 22"" - 10 AFINAÇÕES ","4226,625",,,
"BME5024 - 50cm x 24"" - 12 AFINAÇÕES ","4856,475",,,
"BME6016 - 60cm x 16"" - 8 AFINAÇÕES","3215,55",,,
"BME6018 - 60cm x 18"" - 8 AFINAÇÕES - CORTE ","3646,5",,,
"BME6018CR - 60cm x 18"" - 8 AFINAÇÕES - CORTE - CROMADO ","4060,875",,,
"BME6020 - 60cm x 20"" - 10 AFINAÇÕES - TERCEIRA ","4127,175",,,
"BME6022 - 60cm x 22"" - 10 AFINAÇÕES - SEGUNDA ","4558,125",,,
"BME6024 - 60cm x 24"" - 12 AFINAÇÕES - PRIMEIRA ","5254,275",,,
CHAVE DE AFINAÇÃO ,,sub,,
888G - CHAVE DE AFINAÇÃO TUBULAR,"77,9025",,,
"891G - CHAVE DE AFINAÇÃO EM ""L"" PROFISSIONAL","165,75",220,240,250
ACESSÓRIOS ,,sub,,
853C - PORCA DE AFINAÇÃO CROMADA (PACOTE COM 10),"82,875",,,
854C - PORCA DE AFINAÇÃO LATÃO CUMPRIDA (PACOTE COM 10) ,"165,75",,,
BA05 - BAQUETA MADEIRA LISA PARA SURDO - UNIDADE ,"44,7525",,,
BA06 - BAQUETA MADEIRA LISA PARA SURDÃO - UNIDADE ,"91,1625",,,
BA17 - BAQUETA DE MADEIRA - PONTA FORRADA - LONGA ,"140,8875",,,
BA18 - BAQUETA DE MADEIRA - PONTA FORRADA - CURTA ,"140,8875",,,
BA24 - BAQUETA CABO DE ALUMÍNIO- PONTA FORRADA - LONGA ,"248,625",,,
841NR - TALABARTE DE NYLON COM 1 GANCHO REFORÇADO ,"182,325",,,
830G - TIRANTE 30cm ZINCADO - COM PORCA - UNIDADE ,"46,41",,,
831G - TIRANTE 40cm ZINCADO - COM PORCA - UNIDADE,"62,985",,,
832G - TIRANTE 45cm ZINCADO - COM PORCA - UNIDADE,"62,985",,,
833G - TIRANTE 50cm ZINCADO - COM PORCA - UNIDADE ,"67,9575",,,
834G - TIRANTE 60cm ZINCADO - COM PORCA - UNIDADE ,"79,56",,,
SURDO COM TRIPÉ,,categoria,,
ALUMÍNIO ,,sub,,
"BAL6016PP - 60cm x 16"" - 8 AFINAÇÕES - 1 LADO PELE ANIMAL (2 CORES) ",5304,,,
"BAL6018PE - 60cm x 18"" - 8 AFINAÇÕES - 1 LADO PELE ANIMAL ","5519,475",,,
"BAL6018PEPP - 60cm x 18"" - 8 AFINAÇÕES - 1 LADO PELE ANIMAL - (2 CORES)",6630,,,
"BAL6018CRPE - 60cm x 18"" - 8 AFINAÇÕES - 1 LADO PELE ANIMAL - CROMADO ","5950,425",,,
"BAL6018CRPEP - 60cm x 18"" - 8 AFINAÇÕES - 1 LADO PELE ANIMAL - PINTADO - CROMADO ","6547,125",,,
"BAL6020PE - 60cm x 20"" - 10 AFINAÇÕES - 1 LADO PELE ANIMAL ","6878,625",,,
"BAL6020PEP - 60cm x 20"" - 10 AFINAÇÕES - 1 LADO PELE ANIMAL - PINTADO","7558,2",,,
"BAL6020PEPP - 60cm x 20"" - 10 AFINAÇÕES - 1 LADO PELE ANIMAL - PINTADO (2 CORES)","8270,925",,,
"BAL6020CRPE - 60cm x 20"" - 10 AFINAÇÕES - 1 LADO PELE ANIMAL - CROMADO",7293,,,
"BAL6020CRPEP - 60cm x 20"" - 10 AFIN. - 1 LADO PELE ANIMAL - PINTADO - CROMADO ","8022,3",,,
MADEIRA ,,sub,,
"BME6016PEP - 60cm x 16"" - 8 AFIN. - 1 LADO PELE ANIMAL - PINTADO ","4558,125",,,
"BME6018PE - 60cm x 18"" - 8 AFIN. - 1 LADO PELE ANIMAL E TRIPÉ","5055,375",,,
"BME6018PEP - 60cm x 18"" - 8 AFIN. - 1 LADO PELE ANIMAL E TRIPÉ - PINTADO ","5569,2",,,
"BME6018PEPP - 60cm x 18"" - 8 AFIN. - 1 LADO PELE ANIMAL /TRIPÉ - PINTADO (2 CORES)","6116,175",,,
"BME6018CRPE - 60cm x 18"" - 8 AFIN. - 1 LADO PELE ANIMAL - CROMADO ","5453,175",,,
"BME6018CRPEP - 60cm x 18"" - 8 AFIN. - 1 LADO PELE ANIMAL - PINTADO - CROMADO ","6000,15",,,
"BME6020PE - 60cm X 20"" - 10 AFIN. - 1 LADO ANIMAL E TRIPÉ","5801,25",,,
"BME6020PEPP - 60cm X 20"" - 10 AFIN. - 1 LADO ANIMAL E TRIPÉ (2 CORES) ","7011,225",,,
"BME6020CRPE - 60cm x 20"" -10 AFIN. - 1 LADO PELE ANIMAL - CROMADO","6215,625",,,
"BME6020CRPEP - 60cm x 20"" -10 AFIN. - 1 LADO PELE ANIMAL - PINTADO - CROMADO","6828,9",,,
MADEIRA COM AFINAÇÃO INDIVIDUAL ,,sub,,
"BAT6018M - 60cm x 18"" - 16 AFINAÇÕES - PELE ANIMAL ","7110,675",,,
"BAT6018MP - 60cm x 18"" - 16 AFINAÇÕES - PELE ANIMAL - PINTADO ","7806,825",,,
"BAT6020M - 60cm x 20"" - 20 AFINAÇÕES - PELE ANIMAL ","7574,775",,,
"BAT6020MP - 60cm x 20"" - 20 AFINAÇÕES - PELE ANIMAL - PINTADO ","8332,2525",,,
CHAVE DE AFINAÇÃO ,,sub,,
888G - CHAVE DE AFINAÇÃO TUBULAR,"77,9025",,,
"891G - CHAVE DE AFINAÇÃO EM ""L"" PROFISSIONAL","165,75",,,
ACESSÓRIOS DO SURDO ,,sub,,
89CR - PÉ DO SURDO COM SUPORTE (CONJUNTO COM 3) – CROMADO ,"1243,125",,,
849 - BORBOLETA PARA AFINAÇÃO (PACOTE COM 10) ,"99,45",,,
834G - TIRANTE 60CM ZINCADO - COM PORCA - UNIDADE ,"79,56",,,
BA17 - BAQUETA DE MADEIRA - PONTA FORRADA - LONGA,"140,8875",,,
BA18 - BAQUETA DE MADEIRA - PONTA FORRADA - CURTA,"140,8875",,,
BA24 - BAQUETA CABO DE ALUMÍNIO- PONTA FORRADA - LONGA ,"248,625",,,
SURDO BOLACHÃO,,categoria,,
TRIO DE SURDO BOLACHÃO ,,sub,,
"TSUR - TRIO BOLACHÃO 18"",20"",22"" ALUMÍNIO C/ SUPORTE","11287,575",,,
"TSURP - TRIO BOLACHÃO 18"",20"",22"" ALUMÍNIO - PINTADO - C/ SUPORTE ","11967,15",,,
SUPORTE ,,sub,,
STB - SUPORTE P/BOLACHÃO,"3646,5",,,
 CHAVE DE AFINAÇÃO ,,sub,,
890G CHAVE DE AFINAÇÃO ESTAMPADA 2.50 3.63,"41,4375",,,
SURDO DE MÃO,,categoria,,
"BAL4512-1P SURDO 45cm X 12"" ALUMÍNIO - AFIN. DE 1 LADO - PINTADO PRETO ",1989,,,
"BAL4514-1P SURDO 45cm X 14"" ALUMÍNIO - AFIN. DE 1 LADO - PINTADO VERMELHO ","2270,775",,,
"BAL4516-1P SURDO 45cm X 16"" ALUMÍNIO - AFIN. DE 1 LADO - PINTADO AMARELO ","2685,15",,,
"BAL4518-1P SURDO 45cm X 18"" AUMÍNIO - AFIN. DE 1 LADO - PINTADO VERDE ","3265,275",,,
 SUPORTE ,,sub,,
SSB - SAPATILHA DE SURDO BORRACHA ( JG COM 3 PEÇAS) ,"153,65025",,,
 CHAVE DE AFINAÇÃO ,,sub,,
890G - CHAVE DE AFINAÇÃO ESTAMPADA ,"41,4375",,,
TAMBORIM,,categoria,,
FERRO ,,sub,,
594 - AÇO PINTURA EPOXI - 6 AFINAÇÕES ,468,,,
594CR - AÇO CROMADO - 6 AFINAÇÕES ,702,,,
ALUMÍNIO ,,sub,,
595ALCR - 6 AFINAÇÕES - CORPO FRISADO - POLIDO ,780,850,950,990
595ALCRP - 6 AFINAÇÕES - CORPO FRISADO - POLIDO - PINTADO ,858,820,890,890
595PP - 6 AFINAÇÕES - CORPO FRISADO - 6 AFIN. - (2 CORES) ,936,990,1050,1090
598ALCR - TAMBOURIM ALUMINIO FRIZADO 10 AFINAÇÕES,850,,,
MADEIRA ,,sub,,
625MECR - MADEIRA - 6 AFINAÇÕES - ENCERADO ,"682,5",850,900,950
625F - FÓRMICA - 6 AFINAÇÕES ,741,,,
627MECR - MADEIRA - 10 AFINAÇÕES - ENCERADO ,"877,5",950,1000,1080
TAMBORIM COM CLAMP ,,sub,,
595ALCRSUP - ALUMÍNIO - 6 AFINAÇÕES - PELE POROSA,1131,,,
CHAVE DE AFINAÇÃO ,,sub,,
854G - CHAVE DE AFINAÇÃO ESTAMPADA PEQUENA,"44,85",,,
"850G - CHAVE DE AFINAÇÃO PEQUENA REFORÇADA ""T""",156,,,
ACESSÓRIOS ,,sub,,
TSUPCR - SUPORTE PARA TAMBORIM (CLAMP),390,,,
BA04 - BAQUETA MADEIRA LISA - UNIDADE ,39,,,
BA04P - BAQUETA MADEIRA LISA COM PONTA - UNIDADE ,"58,5",,,
BA22 - BAQUETA PVC - DUPLA - UNIDADE ,"52,65",,,
BA23 - BAQUETA PVC - TRIPLA - UNIDADE,"56,55",,,
BA25 - BAQUETA NYLON - DUPLA - UNIDADE ,"68,25",,,
BA26 - BAQUETA NYLON - TRIPLA - UNIDADE ,"77,025",,,
BA30 - BAQUETA TRIPLA ESPECIAL ,"173,55",,,
BA31 - BAQUETA QUÌNTUPLA ESPECIAL,"189,15",,,
840G - TIRANTE PARA TAMBORIM COM PORCA (PACOTE COM 6 UNIDADES),156,,,
"850 - COLUNA TAMBORIM/PANDEIRO DE ALUMÍNIO, COMPLETO (PACOTE COM 6 UNIDADES) ","175,5",250,270,280
TAM TAM,,categoria,,
ALUMÍNIO ,,sub,,
"LAL6014SM - 60cm x 14"" - 6 AFINAÇÕES - PELE NAPA ","3232,125",,,
"LAL6014SMCR - 60cm x 14"" - 6 AFINAÇÕES - PELE NAPA","3729,375",,,
"LAL6014SMPP - 60cm x 14"" - 6 AFINAÇÕES - PELE NAPA - (2 CORES) ","3895,125",,,
CÔNICO ,,sub,,
"LAL6514SMN - 65cm x 14"" - 6 AFINAÇÕES - PELE ANIMAL","3563,625",,,
"LAL6514SMNP - 65cm x 14"" - 6 AFINAÇÕES - PELE ANIMAL - PINTADA ","3895,125",,,
MADEIRA ,,sub,,
"LME7014SM - MADEIRA - 70cm x 14"" - 6 AFINAÇÕES - PELE NAPA - REFORÇO INF.","2784,6",,,
"LME7014SMPP - MADEIRA - 70cm x 14"" - 6 AFINAÇÕES - PELE NAPA - REF. - (2 CORES)","3397,875",,,
"LME7014SMCR - MADEIRA - 70cm x 14""- 6 AFINAÇÕES - PELE NAPA - REFORÇO INF. ",3315,,,
"LME7014SMCRP - MADEIRA - 70cm x 14""- 6 AFIN. -PELE NAPA - REFORÇO INF. - PINT. ","3646,5",,,
POP LINE by GOPE ,,categoria,,
"RFE6014SM - 60cm x 14"" - ARO REDONDO - 6 COLUNAS - PELE NAPA ",2652,,,
"RFE6014SMP - 60cm x 14"" - ARO REDONDO - 6 COLUNAS - PELE NAPA - PINTADO","2917,2",,,
CHAVE DE AFINAÇÃO ,,sub,,
890G - CHAVE DE AFINAÇÃO ESTAMPADA ,"41,4375",,,
ACESSÓRIOS ,,sub,,
844G - TIRANTE PARA REBOLO/TIMBA/TAMTAM COM PORCA (PACOTE COM 6) ,"265,2",,,
"851C - COLUNA REBOLO/TIMBA/TAMTAM, COMPLETO - EPOXI (PACOTE COM 6) ",663,,,
"843G - TIRANTE REBOLO/TAMTAM ""POP LINE"" COM PORCA (PACOTE COM 6) ","232,05",,,
"855C - COLUNA REBOLO/TAMTAM ""POP LINE"" COMPLETO (PACOTE COM 6)","480,675",,,
841 - TALABARTE DE COURO 1 GANCHO,"281,775",,,
841N - TALABARTE DE NYLON 1 GANCHO ,"147,5175",,,
TIMBA,,categoria,,
ALUMÍNIO ,,sub,,
"LAL6514TM - 65cm x 14"" - 6 AFINAÇÕES ",3315,,,
"LAL6514TMP - 65cm x 14"" - 6 AFINAÇÕES - PINTADA ","3513,9",,,
"LAL9014TM - 90cm x 14"" - 6 AFINAÇÕES ","5527,7625",,,
MADEIRA ,,sub,,
"LME5010TM - 50cm x 10"" - 5 AFINAÇÕES ","1690,65",,,
"LME7014TM - 70cm x 14"" - 6 AFINAÇÕES ","2436,525",,,
"LME9014TM - 90cm x 14"" - 6 AFINAÇÕES ","2884,05",,,
"LME9014TMP - 90cm x 14"" - 6 AFINAÇÕES - PINTADA","3172,455",,,
CHAVE DE AFINAÇÃO ,,sub,,
890G - CHAVE DE AFINAÇÃO ESTAMPADA ,"41,4375",,,
ACESSÓRIOS DA TIMBA ,,sub,,
844G - TIRANTE PARA REBOLO/TIMBA/TAMTAM COM PORCA (PACOTE COM 6) ,"265,2",,,
"851C - COLUNA REBOLO/TIMBA/TAMTAM, COMPLETO - EPOXI (PACOTE COM 6)",663,,,
841 - TALABARTE DE COURO 1 GANCHO ,"281,775",,,
841N - TALABARTE DE NYLON 1 GANCHO ,"147,5175",,,
TIMBAL,,categoria,,
ALUMÍNIO ,,sub,,
LAL9014TB16 - ALUMÍNIO - 16 AFINAÇÕES - EPOXI / LAMINADA,4641,,,
LAL9014TBCR16 - ALUMÍNIO - 16 AFINAÇÕES- CROMADA / LAMINADA,"5138,25",,,
LAL9014TBPP16 - ALUMÍNIO - 16 AFINAÇÕES- DOS CORES,"5602,35",,,
MADEIRA ,,sub,,
LME9014TB10 - MADEIRA DUPLA - 10 AFINAÇÕES - EPOXI / NYLON ,"3928,275",,,
LME9014TBCR10 - MADEIRA DUPLA - 10 AFINAÇÕES- CROMADA/ NYLON,"4226,625",,,
LME9014TBPP10 - MADEIRA DUPLA - 10 AFINAÇÕES-DOS CORES,"4757,025",,,
SUPORTE ,,sub,,
5996D - SUPORTE DESMONTAVEL PARA TIMBAL ,"2055,3",,,
CHAVE DE AFINAÇÃO ,,sub,,
890G - CHAVE DE AFINAÇÃO ESTAMPADA ,"41,4375",,,
ACESSÓRIOS ,,sub,,
844GT -TIRANTE PARA REBOLO/TIMBA/TAMTAM COM PORCA (PACOTE COM 10) ,"414,375",,,
"851CT - COLUNA REBOLO/TIMBA/TAMTAM, COMPLETO - EPOXI (PACOTE COM 10) ","1077,375",,,
TIMBALETAS,,categoria,,
ALUMÍNIO ,,sub,,
"TBS - TIMBALES ALUMÍNIO 13"" e 14"" COM SUPORTE ","7375,875",,,
"TB - TIMBALES ALUMÍNIO 13"" e 14"" , AFINAÇÃO EM LATÃO - C/ SUPORTE - PROFISSIONAL ","10359,375",,,
ACESSÓRIOS ,,sub,,
BA07 - BAQUETA PARA TIMBALES - PAR,"67,9575",,,
TRIÂNGULO,,categoria,,
"825 - AÇO CROMADO - 6"" / 15cm - LIGA SONORA ","224,25",,,
"826 - AÇO CROMADO - 8"" / 20cm - LIGA SONORA ","282,75",,,
"827 - AÇO CROMADO - 10"" / 25cm - LIGA SONORA ","399,75",,,
"828 - AÇO CROMADO - 12""/ '30cm - LIGA SONORA","440,7",,,
"829 - AÇO CROMADO - 15"" / 38cm - LIGA SONORA - FORRÓ","557,7",,,
"830 - AÇO CROMADO - 17"" / 43cm - LIGA SONORA - FORROZÃO ","633,75",,,
XEQUERÊ,,categoria,,
5024 - XEQUERÊ ,"1740,375",,,
ZABUMBA,,categoria,,
ALUMÍNIO ,,sub,,
"BAL2018 - ALUMÍNIO - 20cm x 18"" - 8 AFINAÇÕES ","2817,75",,,
"BAL2020 - ALUMÍNIO - 20cm x 20"" - 10 AFINAÇÕES ",3315,,,
 MADEIRA ,,sub,,
"BME2016 - MADEIRA - 20cm x 16"" - 8 AFINAÇÕES ","3480,75",,,
"BME2016P - MADEIRA - 20cm x 16"" - 8 AFINAÇÕES - PINTADA ",2652,,,
"BME2018 - MADEIRA - 20cm x 18"" - 8 AFINAÇÕES ","2817,75",,,
"BME2018CR - MADEIRA - 20cm x 18"" - 8 AFINAÇÕES - CROMADA ","3232,125",,,
"BME2020 - MADEIRA - 20cm x 20"" - 10 AFINAÇÕES ","3215,55",,,
MADEIRA COM AFINAÇÃO INDIVIDUAL ,,sub,,
"BAT2018C - 20cm x 18"" - 16 AFINAÇÕES - PELE BATEDEIRA POROSA/LAMINADA ","4143,75",,,
"BAT2018CP - 20cm x 18"" - 16 AFIN. - PELE BATEDEIRA POROSA/LAMINADA - PINTADA ","4607,85",,,
"BAT2020C - 20cm x 20"" - 20 AFINAÇÕES - PELE BATEDEIRA POROSA/LAMINADA","4922,775",,,
CHAVE DE AFINAÇÃO ,,sub,,
888G - CHAVE DE AFINAÇÃO TUBULAR,"77,9025",,,
890G - CHAVE DE AFINAÇÃO ESTAMPADA ,"41,4375",,,
"891G - CHAVE DE AFINAÇÃO EM ""L"" PROFISSIONAL ","165,75",,,
ACESSÓRIOS ,,sub,,
BA29 - BAQUETA PARA ZABUMBA - UNIDADE ,"87,8475",,,
BA34 - BAQUETA BACALHAU PARA ZABUMBA - UNIDADE ,"22,8735",,,
842 - TALABARTE DE COURO 2 GANCHOS ,"328,185",,,
842N - TALABARTE DE NYLON 2 GANCHOS,"162,435",,,
PELES ,,categoria,,
LINHA BATERA,,categoria,,
HIDRÁULICA - FILME DUPLO,,sub,,
"BHDG06M - HIDRAÚLICA 6""",195,,,
"BHDG08M - HIDRAÚLICA 8""","243,75",,,
"BHDG10M - HIDRAÚLICA 10""",273,,,
"BHDG12M - HIDRAÚLICA 12""",351,,,
"BHDG13M - HIDRAÚLICA 13""",390,,,
"BHDG14M - HIDRAÚLICA 14""",429,,,
"BHDG15M - HIDRAÚLICA 15""",468,,,
"BHDG16M - HIDRAÚLICA 16""","487,5",,,
"BHDG18L - HIDRAÚLICA 18""","760,5",,,
"BHDG20L - HIDRAULICA 20""","838,5",,,
"BHDG22L - HIDRAÚLICA 22""","955,5",,,
HIDRÁULICA - FILME DUPLO - COM ABAFADOR,,sub,,
"BHDG18LM -VHIDRAÚLICA 18"" c/ ABAFADOR ",897,,,
"BHDG20LM - HIDRAÚLICA 20"" c/ ABAFADOR ",1014,,,
"BHDG22LM - HIDRAÚLICA 22"" c/ ABAFADOR ",1170,,,
CLARA CRISTAL MONOFILME,,sub,,
"BTRC10 - BATERA CLARA CRISTAL 10"" ",234,,,
"BTRC12 - BATERA CLARA CRISTAL 12"" ",312,,,
"BTRC13 - BATERA CLARA CRISTAL 13"" ","331,5",,,
"BTRC14 - BATERA CLARA CRISTAL 14"" ","370,5",,,
"BTRC16 - BATERA CLARA CRISTAL 16"" ",429,,,
"BTRC18 - BATERA CLARA CRISTAL 18"" ",663,,,
"BTRC20 - BATERA CLARA CRISTAL 20"" ",741,,,
"BTRC22 - BATERA CLARA CRISTAL 22"" ",819,,,
BRANCA - POROSA - MONOFILME,,sub,,
"BPWC13 - BATERA POROSA 13""",390,,,
"BPWC14 - BATERA POROSA 14"" ",429,,,
BRANCA - POROSA - COM ABAFADOR,,sub,,
"BWCD13M - BATERA POROSA 13"" c/ ABAFADOR",429,,,
"BWCD14M - BATERA POROSA 14"" c/ ABAFADOR",468,,,
HIDRÁULICA POROSA - FILME DUPLO,,sub,,
"BHDC12M - BATERA HIDRÁULICA POROSA 12"" ",507,,,
"BHDC13M - BATERA HIDRÁULICA POROSA 13"" ","565,5",,,
"BHDC14M - BATERA HIDRÁULICA POROSA 14"" ",624,,,
"BHDC16M - BATERA HIDRÁULICA POROSA 16"" ",702,,,
RESPOSTA DE CAIXA E BUMBO,,categoria,,
CRISTAL PARA CAIXA ,,sub,,
"BSS10 - RESPOSTA TRANSPARENTE 10"" ","99,45",,,
"BSS12 - RESPOSTA TRANSPARENTE 12"" ","126,75",,,
"BSS13 - RESPOSTA TRANSPARENTE 13""","136,5",,,
"BSS14 - RESPOSTA TRANSPARENTE 14"" ",156,,,
PRETA DE BUMBO ,,sub,,
"BBCB18 - BATERA BAIXO PRETA 18""",819,,,
"BBCB20 - BATERA BAIXO PRETA20"" ","916,5",,,
"BBCB22 - BATERA BAIXO PRETA 22"" ",1014,,,
PRETA DE BUMBO COM FURO ,,sub,,
"BBCB18F - BATERA BAIXO PRETA 18""","877,5",,,
"BBCB20F - BATERA BAIXO PRETA20"" ",975,,,
"BBCB22F - BATERA BAIXO PRETA 22""","1072,5",,,
PRETA DE BUMBO COM ABAFADOR ,,sub,,
"BCB18M - BAT 18"" ABAFADOR ",1014,,,
"BCB20M - BAT 20"" ABAFADOR ",1092,,,
"BCB22M - BAT 22"" ABAFADOR ",1209,,,
PELE MUDA,0,categoria,,
"GPH06 - PELE PARA ESTUDO PRETA - 6""",156,,,
"GPH08 - PELE PARA ESTUDO PRETA - 8"" ","175,5",,,
"GPH10 - PELE PARA ESTUDO PRETA - 10""",195,,,
"GPH12 - PELE PARA ESTUDO PRETA - 12"" ","253,5",,,
"GPH13 - PELE PARA ESTUDO PRETA - 13"" ","292,5",,,
"GPH14 - PELE PARA ESTUDO PRETA - 14"" ","331,5",,,
"GPH16 - PELE PARA ESTUDO PRETA - 16"" ",390,,,
"GPH18 - PELE PARA ESTUDO PRETA - 18"" ",702,,,
"GPH20 - PELE PARAZ ESTUDO PRETA - 20"" ",780,,,
"GPH22 - PELE PARA ESTUDO PRETA - 22"" ",936,,,
KITS,0,categoria,,
FUSION,,sub,,
"SFHD5 - HIDRAULICA 12"", 13"", 16"", 22"" + 14"" CAIXA POROSA ",2340,,,
"SFWC5 - BATERA POROSA  12"", 13"", 16"", 22"" + 14"" CAIXA",2145,,,
"SFWD5 - BATERA HIDRÁULICA POROSA 12"", 13"", 16"", 22"" + 14"" CX. POROSA MONOFILME",2730,,,
"SFBC5 - BATERA CLARA CRISTAL 10"", 12"", 14"", 20"" + 14"" CAIXA","1930,5",,,
"GPH20F - MUDA 10"", 12"", 14"", 20"" + 14"" ","1891,5",,,
STANDART,,sub,,
"SSMS5 - HIDRÁULICA 12"", 13"", 16"", 22"" + 14"" CAIXA POROSA",2613,,,
"SSWC5 - BATERA POROSA 12"", 13"", 16"", 22"" + 14"" CAIXA","2437,5",,,
"SSWD5 - BATERA HIDRÁULICA POROSA 12"", 13"", 16"", 22"" + 14"" CX. POROSA MONOFILME",2925,,,
"SSBC5 - BATERA CLARA CRISTAL 12"", 13"", 16"", 22"" + 14"" CAIXA POROSA","2242,5",,,
"GPH5K - MUDA 12"", 13"", 16"", 22"" + 14""",2145,,,
KIT P/ TONS & CAIXAS,0,categoria,,
FUSION SSB,,sub,,
"SFHD4 - HIDRAÚLICA 10"", 12"", 14"" + 14"" CAIXA POROSA",1794,,,
"SFWD4 - HIDRÁULICA POROSA 10"", 12"", 14"" + 14"" CAIXA POROSA MONOFILME","2437,5",,,
"SFBC4 - BATERA CLARA CRISTAL 10"", 12"", 14"" + 14"" CAIXA POROSA","1618,5",,,
STANDARD SSB,,sub,,
"SSMS4 - HIDRAÚLICA 12"", 13"", 16"" + 14"" CAIXA POROSA",2145,,,
"SSWD4 - HIDRÁULICA POROSA 12"", 13"", 16"" + 14"" CAIXA POROSA MONOFILME",2730,,,
"SSBC4  - BATERA CLARA CRISTAL 12"", 13"", 16"" + 14"" CAIXA POROSA","1930,5",,,
LINHA PERCUSSÃO,,categoria,,
PELE DE POLIESTER (NYLON) 250 MICRONS - GP3,,sub,,
1021 - GP3 LEITOSA 6'' ,100,130,140,150
1023 - GP3 LEITOSA 8'' ,110,150,160,170
1030 - GP3 LEITOSA 10'' ,120,160,170,180
1031 - GP3 LEITOSA 11'' ,130,170,180,190
1032 - GP3 LEITOSA 12'' ,150,200,220,230
1033 - GP3 LEITOSA 13'' ,155,,,
1034 - GP3 LEITOSA 14'' ,170,230,250,260
1036 - GP3 LEITOSA 16'' ,"181,35",240,260,280
1038 - GP3 LEITOSA 18'' ,"341,25",460,500,520
1040 - GP3 LEITOSA 20'' ,"382,2",480,520,550
1042 - GP3 LEITOSA 22'' ,"431,925",550,600,630
1044 - GP3 LEITOSA 24'' ,"487,5",620,670,690
1046 - GP3 LEITOSA 26'' ,"547,95",700,750,800
PELE DE POLIESTER RESPOSTA 75 MICRONS - GP0,,sub,,
"1000 - GP0 RESPOSTA 12"" - TRANSPARENTE","109,2",,,
"1001 - GP0 RESPOSTA 13"" - TRANSPARENTE ","109,005",,,
"1002 - GP0 RESPOSTA 14"" - TRANSPARENTE ","126,75",,,
PELE POROSA PARA PERCUSSÃO 250 MICRONS - GP3,,sub,,
"LP1206 - PELE POROSA 6""","107,25",,,
"LP1210 - PELE POROSA 10"" ",156,,,
"LP1211 - PELE POROSA 11""","189,15",,,
"LP1212 - PELE POROSA 12"" ","206,7",280,310,320
"LP1214 - PELE POROSA 14"" ","236,925",,,
PELE SINTÉTICA PARA BONGO E TUMBADORA,,categoria,,
BONGÔ,,sub,,
"BFHD65 - PELE DE BONGÔ 6, 1/2” ","1034,11425",,,
BFHD8 - PELE DE BONGÔ 8” ,"1214,45025",,,
CONGAS,,sub,,
"1910P - PELE REQUINTO 9,3/4"" ","1836,67575",,,
"1911P - PELE QUINTO 11"" ","1951,5405",,,
"1912P - PELE CONGA 11,3/4"" ","2066,2395",,,
"1913P - PELE TUMBADORA 12,1/2"" ","2181,10425",,,
PELE ANIMAL EMPACHADA GROSSA ( BONGO E TUMBADORA),,categoria,,
BONGÔ,,sub,,
"1906 - 6 1/2""- BONGO ","911,625",,,
"1908 - 8""- BONGO ","1077,375",,,
CONGAS,,sub,,
"1910 - 9.3/4""- REQUINTO ",1326,,,
"1911 - 11"" - QUINTO ","1491,75",,,
"1912 - 11.3/4""- CONGA ","1640,925",,,
"1913 - 12.1/2""- TUMBADORA ","1823,25",,,
PELE NAPA,,categoria,,
"1610 - GP2 FORRADA DE NAPA 10"" ","171,6",,,
"1612 - GP2 FORRADA DE NAPA 12"" ","209,625",,,
"1614 - GP2 FORRADA DE NAPA 14"" ","267,15",,,
"1616 - GP2 FORRADA DE NAPA 16"" ","308,1",,,
"1618 - GP2 FORRADA DE NAPA 18"" ","567,45",,,
"1620 - GP2 FORRADA DE NAPA 20"" ","629,85",,,
PELE HOLOGRÁFICA,,categoria,,
"1810 - HOLOGRÁFICA 10""","204,75",,,
"1811 - HOLOGRÁFICA 11"" ","241,8",,,
"1812 - HOLOGRÁFICA 12"" ","267,15",,,
PELE NYLON PERSONALIZADA,,categoria,,
1021P - LEITOSA PERSONALIZADA 6''  ,"114,3675",,,
1023P - LEITOSA PERSONALIZADA 8'' ,"152,49",,,
1030P - LEITOSA PERSONALIZADA 10''  ,"162,435",,,
1031P - LEITOSA PERSONALIZADA 11'' ,"182,325",,,
1032P - LEITOSA PERSONALIZADA 12'' ,"207,1875",,,
1033P - LEITOSA PERSONALIZADA 13'' ,"217,96125",,,
1034P - LEITOSA PERSONALIZADA 14''  ,"232,05",,,
1035P - LEITOSA PERSONALIZADA 15'' ,"240,3375",,,
1036P - LEITOSA PERSONALIZADA 16'' ,"248,625",,,
1038P -LEITOSA PERSONALIZADA 18''  ,"464,1",,,
1040P - LEITOSA PERSONALIZADA 20'' ,"518,7975",,,
1042P - LEITOSA PERSONALIZADA 22'' ,"586,755",,,
1044P - LEITOSA PERSONALIZADA 24'' ,663,,,
1046P - LEITOSA PERSONALIZADA 26'',"745,875",,,
PELE CRISTAL TRIBAL,,categoria,,
TR10 - CRISTAL TRIBAL 10'' ,390,,,
TR11 - CRISTAL TRIBAL 11'' ,"446,55",,,
TR12 - CRISTAL TRIBAL 12'' ,"501,15",,,
PELE LAMINADA PARA PERCUSSÃO,,categoria,,
BFLH10 - PELE LAMINADA 10'' ,429,,,
BFLH11 - PELE LAMINADA 11'' ,"448,5",,,
BFLH12 - PELE LAMINADA 12'' ,546,,,
BFLH14 - PELE LAMINADA 14'' ,"655,2",,,
PELE PARA CUÍCA NO ARO DE ALUMÍNIO,,categoria,,
"1506CV - 6"" - MONTADA -COM VARETA ",400,,,
"1507CV - 7"" - MONTADA - COM VARETA ",450,,,
"1508CV - 8"" - MONTADA - COM VARETA ",500,,,
"1509CV - 9"" -MONTADA - COM VARETA ",550,,,
"1510CV - 10"" - MONTADA - COM VARETA ",600,,,
PELE ANIMAL NO ARO DE ALUMÍNIO,,categoria,,
"1506C - 6"" - MONTADA ","185,25",,,
"1507C - 7"" - MONTADA","191,1",,,
"1508C - 8"" - MONTADA- BANJO ","214,5",,,
"1510C - 10"" - MONTADA ",273,,,
"1510CPC - 10"" - PANDEIRO CHORINHO ",312,,,
"1511C - 11"" - MONTADA ",351,,,
"1512C - 12"" - MONTADA ","370,5",,,
"1514C - 14"" - MONTADA ","448,5",,,
"1516C - 16"" - MONTADA ","565,5",,,
"1518C - 18"" - MONTADA ","745,875",950,1000,1050
"1520C - 20"" - MONTADA ","928,2",1000,1100,1150
"1522C - 22"" - MONTADA ","1160,25",1200,1300,1350
"1524C - 24"" - MONTADA ","1276,275",1300,1450,1480
"1526C - 26"" - MONTADA ","1425,45",1450,1600,1680
"1528C - 28"" - MONTADA ","1491,75",1550,1670,1720
PELE ANIMAL NO DISCO - CABRA,,categoria,,
"1730C - 06"" / 30cm - DISCO ","132,6",,,
"1735C - 07"" / 35cm - DISCO ","182,325",,,
"1740C - 08"" / 40cm - DISCO ","207,1875",,,
"1745C - 10"" / 45cm - DISCO ","251,94",,,
"1750C - 12"" / 50cm - DISCO ","331,5",,,
"1755C - 14"" / 55cm - DISCO ","397,8",,,
"1760C - 16"" / 60cm - DISCO ","556,92",,,
"1765C - 18"" / 65cm - DISCO ","629,85",,,
"1770C - 20"" / 70cm - DISCO ",663,,,
"1775C - 22"" / 75cm - DISCO ","762,45",,,
"1780C - 24"" / 80cm - DISCO ","994,5",,,
"1785C - 26"" / 85cm - DISCO ","1077,375",,,
"1790C - 28"" / 90cm - DISCO ","1160,25",,,
"1795C - 28"" / 95cm - DISCO ",1326,,,
PELE ANIMAL NO DISCO GROSSA ( BONGO E TUMBADORA) - BOI,0,categoria,,
"1630 - 11,8"" / 30cm - PARA BONGO ","446,55",,,
"1635 - 13,7"" / 35cm -PARA BONGO ","580,32",,,
1640 - 40cm - GROSSA ,"685,62",,,
1645 - 45cm - GROSSA ,"781,365",,,
"1650 - 19,5"" / 50cm - CONGA (TUMBADORA) ","923,13",,,
"1655 - 21,6"" / 55cm - CONGA (TUMBADORA) ","1086,15",,,
