AGOGÔ,,categoria
675 - DUPLO - PINTURA EPOXI - MIRIM ,$ 658,
678 - DUPLO - PINTURA EPOXI ,$ 710,
679CR - DUPLO - CROMADO ,$ 863,
677 - TRIPLO - PINTURA EPOXI ,$ 876,
COD. 680 - AGOGO QUADRUPLO,2400,
ACESSÓRIO ,,categoria
BA03 - BAQUETA PARA AGOGÔ - UNIDADE,$ 32,
APITO,,categoria
METAL ,,sub
5030  -MODELO ROCKET - CROMADO ,$ 460,
MADERA,,sub
5004  - MADEIRA SAMBA ,$ 136,
5004S - MADEIRA SAMBA - TORNEADO ,$ 230,
ALFAIA,,categoria
"BME16 - 16"" - MADEIRA COM ARO DE MADEIRA, AFINAÇÃO DE CORDA ",$ 4.600,
"BME18 - 18"" - MADEIRA COM ARO DE MADEIRA, AFINAÇÃO DE CORDA ",$ 4.728,
"BME20 - 20"" - MADEIRA COM ARO DE MADEIRA, AFINAÇÃO DE CORDA ",$ 5.368,
ATABAQUE,,categoria
AFINAÇÃO DE CORDA ,,sub
"706C - TIPO TONEL - 80cm x 9"" - PI ",$ 5.112,
"707C - TIPO TONEL - 100cm x 10"" - LE ",$ 5.752,
"708C - TIPO TONEL - 120cm x 11"" - RUM ",$ 6.200,
AFINAÇÃO DE TIRANTE ,,sub
"706 - TIPO TONEL - 80cm x 9"" - PI - 4 TIRANTES ",$ 5.368,
"707 - TIPO TONEL - 100cm x 10"" - LE - 4 TIRANTES ",$ 6.136,
708 - TIPO TONEL - 120cm x 11 - RUM - 4 TIRANTES ,$ 6.392,
CHAVE DE AFINAÇÃO PARA TIRANTE ,,sub
889G - CHAVE DE AFINAÇÃO 16/17 ,$ 220,
CHAVE DE AFINAÇÃO PARA TIRANTE ,,sub
5997PM - SUPORTE DE CHÃO ATABAQUE PEQUENO/MÉDIO ,$ 1.383,
5997G - SUPORTE DE CHÃO PARA ATABAQUE GRANDE ,$ 1.511,
ACESSÓRIOS ,,
845G - TIRANTE PARA BONGO/ATABAQUE COM PORCA (PACOTE 4 UNIDADES) ,$ 406,
"847 - COLUNA PARA ATABAQUE COMPLETA, EPOXI - UNIDADE ",$ 598,
BERIMBAU,,categoria
5007 - BERIMBAU PEQUENO - VERNIZ COMPLETO ,$ 1.276,
5009 - BERIMBAU GRANDE - VERNIZ COMPLETO ,$ 1.366,
BOMBO,,categoria
INOX ,,sub
"BIN3022 - FUZILEIRO - 30cm x 22"" - 10 AFINAÇÕES ",$ 4.600,
ALUMÍNIO ,$ 1.400,sub
"BAL3022 - FUZILEIRO - 30cm x 22"" - 10 AFINAÇÕES ",$ 4.344,
"BAL3022CR - FUZILEIRO - 30cm x 22"" - 10 AFINAÇÕES - CROMADO ",$ 4.728,
MADEIRA ,$ 1.400,sub
"BME3022 - FUZILEIRO - 30cm x 22"" - 10 AFINAÇÕES",$ 4.088,
"BME3022CR - FUZILEIRO - 30cm x 22"" - 10 AFINAÇÕES - CROMADO ",$ 4.600,
CHAVE DE AFINAÇÃO ,,sub
888G - CHAVE DE AFINAÇÃO TUBULAR ,$ 120,
"891G - CHAVE DE AFINAÇÃO EM ""L"" PROFISSIONAL ",$ 256,
ACESSÓRIOS ,,sub
BA19 - BAQUETA CURTA COM ALÇA - PONTA DE BORRACHA - UNIDADE,$ 152,
BA20 - BAQUETA CURTA COM ALÇA - PONTA FORRADA - UNIDADE ,$ 161,
830G - TIRANTE 30cm ZINCADO - COM PORCA - UNIDADE ,$ 136,
842 - TALABARTE DE COURO 2 GANCHOS ,$ 352,
842N - TALABARTE DE NYLON 2 GANCHOS ,$ 225,
BONGÔ,,categoria
"912PS - 6,5"" x 8""- ARO EPOXI",$ 3.260,
"912 - 6,5"" x 8""- CRAQUEADO - MADEIRA NOBRE ",$ 4.156,
CHAVE DE AFINAÇÃO PREÇO SUGERIDO,,sub
889G - CHAVE DE AFINAÇÃO 16/17 ,$ 210,
ESTANTE PROFISSIONAL PREÇO SUGERIDO,,sub
5998 - ESTANTE PARA BONGO REFORÇADA,$ 2.804,
ACESSÓRIO PREÇO SUGERIDO,,sub
845G - TIRANTE PARA BONGO/ATABAQUE COM PORCA (PACOTE 4 UNIDADES) ,$ 356,
CAIXA,,categoria
"10""",,sub
"BAL1010 - TAROL -10cm x 10"" - 6 AFINAÇÕES ",$ 1.788,
"12"" ",,sub
"BAL612 - REPIQUE - 6cm x 12"" - 6 AFINAÇÕES ",$ 1.980,
"BAL1012 - TAROL -10cm x 12"" - 6 AFINAÇÕES ",$ 2.172,
"BAL1512 - GUERRA - 15cm x 12"" - 6 AFINAÇÕES",$ 2.236,
BAL1512CR - CAIXA ALUMINIO ARO CROMADO 12X15CM 6 BORDOES ,2400,
"BAL2012M - MALACACHETA - 20cm x 12"" - 6 AFIN. - c/BORDÃO ",$ 2.479,
"BAL2012MPP - MALACACHETA - 20cm x 12"" - 6 AFIN. - c/BORDÃO (2 CORES)",$ 2.748,
"BAL2012M - BAL2012M6 MALACACHETA - 20cm x 12"" - 6 AFIN. - c/BORDÃO 6 FIOS ",$ 2.607,
"14""",,sub
ALUMÍNIO,,sub
"BAL614 - ALUMÍNIO - REPIQUE - 6cm x 14"" - 6 AFINAÇÕES ",$ 2.172,
"BAL1014 - ALUMÍNIO - TAROL - 10cm x 14"" - 6 AFINAÇÕES ",$ 2.274,
"BAL1514 - ALUMÍNIO - GUERRA - 15cm x 14"" - 6 AFINAÇÕES ",$ 2.364,
"BAL1514CR - ALUMÍNIO - GUERRA - 15cm x 14"" - 6 TIRANTES - ARO CROMADO ",$ 2.594,
"BAL2014PP - ALUMÍNIO - GUERRA - 20cm x 14"" - 6 BORDOES  ",$ 3.370,
INOX ,,sub
"BIN1014 - INOX - TAROL - 10cm x 14"" - 6 AFINAÇÕES ",$ 2.428,
CHAVE DE AFINAÇÃO ,$ 0,sub
888G - CHAVE DE AFINAÇÃO TUBULAR,$ 160,
"891G - CHAVE DE AFINAÇÃO EM ""L"" PROFISSIONAL ",$ 228,
ACESSÓRIOS PARA CAIXA ,,sub
BA01 - BAQUETA PARA CAIXA REPIQUE/TAROL - PAR ,$ 79,
BA02 - BAQUETA PARA CAIXA DE GUERRA - PAR ,$ 91,
BA03 - BAQUETA PARA REPINIQUE MADEIRA LISA - UNIDADE ,$ 24,
BA11 - BAQUETA PARA CAIXA REPIQUE COM PONTA DE NYLON - PAR,$ 92,
2300 - BORDÃO PARA MALACACHETA ,$ 49,
841 - TALABARTE DE COURO 1 GANCHO ,$ 326,
841N - TALABARTE DE NYLON 1 GANCHO,$ 171,
842 - TALABARTE DE COURO 2 GANCHOS ,$ 384,
842N - TALABARTE DE NYLON 2 GANCHOS ,$ 188,
825G - TIRANTE 6CM ZINCADO - COM PORCA - UNIDADE ,$ 23,
826G - TIRANTE 10CM ZINCADO - COM PORCA - UNIDADE,$ 29,
827G - TIRANTE 15CM ZINCADO - COM PORCA - UNIDADE ,$ 34,
828G - TIRANTE 20CM ZINCADO - COM PORCA - UNIDADE,$ 42,
848G - ESTICADOR DE BORDAO 20CM - 6 FIOS - COM PORCA ,$ 77,
"2320 - ESTEIRA 6 FIOS 12"" ",$ 188,
"2324 - ESTEIRA 6 FIOS 14"" ",$ 198,
"2321 - ESTEIRA 12 FIOS 12"" ",$ 217,
"2325 - ESTEIRA 12 FIOS 14"" ",$ 234,
"2322 - ESTEIRA 18 FIOS 12"" ",$ 238,
"2326 - ESTEIRA 18 FIOS 14""",$ 266,
"2323 - ESTEIRA 24 FIOS 12"" ",$ 280,
"2327 - ESTEIRA 24 FIOS 14"" ",$ 285,
"2328 - ESTEIRA 30 FIOS 14""",$ 339,
"2329 - ESTEIRA 36 FIOS 14"" ",$ 392,
"2330 - ESTEIRA 40 FIOS 14"" ",$ 420,
CARRILHÃO,,categoria
SIMPLES ,,sub
555 - 30 NOTAS SIMPLES - ESCALA SONORA ,$ 1.511,
557 - 40 NOTAS SIMPLES - ESCALA SONORA,$ 1.908,
DUPLO ,$ 500,sub
556 - 60 NOTAS - DUPLO - ESCALA SONORA ,$ 2.420,
558 - 80 NOTAS - DUPLO - ESCALA SONORA ,$ 3.316,
CAPA ,,sub
CAP555 -CAPA PARA CARRILHÃO PEQUENO ,$ 265,
CAP558 - CAPA PARA CARRILHÃO GRANDE ,$ 278,
ESTANTE,,sub
EST-CAR ESTANTE DE CARRILHÃO ,$ 1.652,
CAXIXI,,categoria
5011 - CAXIXI PEQUENO ,$ 358,
5012 - CAXIXI MÉDIO ,$ 410,
5013 - CAXIXI GRANDE ,$ 614,
CLAVE DE RUMBA,,categoria
CRME - CLAVE DE RUMBA ,$ 614,
CONGA,,categoria
"902-24R - REQUINTO - 80cm x 9""3/4",$ 10.744,
903-26R - QUINTO - 80cm x 11” ,$ 11.256,
904-27R - CONGA - 80cm x 11”3/4 ,$ 11.896,
905-28R - TUMBADORA (TUMBA) - 80cm x 12”1/2 ,$ 12.254,
ESTANTE ,,sub
5999 - SUPORTE PARA CONGA/TUMBADORA INDIVIDUAL ,$ 3.176,
5999D - SUPORTE PARA CONGA/TUMBADORA CENTRAL DUPLA ,$ 3.432,
 CHAVE DE AFINAÇÃO ,,sub
889G - CHAVE DE AFINAÇÃO 16/17 ,$ 221,
ACESSÓRIOS ,,sub
846 - TIRANTE PARA TUMBADORA (PACOTE COM 5),$ 470,
"848  - COLUNA PARA TUMBADORA COMPLETA, CRAQUEADA (UNIDADE)",$ 598,
CONGA COMPACTA,,categoria
"903-904CPT - QUINTO 11"" E CONGA 11""3/4 COM SUPORTE ",$ 13.500,
"904-905CPT - CONGA 11"" 3/4 E TUMBA 12"" 1/2 COM SUPORTE ",$ 15.420,
"903-904-905CPT - QUINTO 11"", CONGA 11"" 3/4 E TUMBA 12"" 1/2 COM SUPORTE ",$ 18.620,
CHAVE DE AFINAÇÃO ,,sub
891G - CHAVE DE AFINAÇÃO ALIEN,$ 133,
CORNETA,,categoria
CORNETA ,,sub
3200 - CORNETA CURTA EM SIB NIQUELADA ,$ 3.746,
3201 - CORNETA CURTA EM RÉ NIQUELADA ,$ 3.613,
3202 - CORNETA LONGA EM SIB NIQUELADA,$ 3.613,
3203 - CORNETA LONGA EM DÓ NIQUELADA ,$ 4.086,
3205 - CORNETA LONGA EM FÁ (MOR) NIQUELADA ,$ 3.880,
3220 - CLARIM EM MIB NIQUELADO,$ 4.386,
CORNETA,,categoria
3200G - CORNETA CURTA EM SIB NIQUELADA C/ GATILHO E CHAVE D'AGUA,$ 5.337,
3201G - CORNETA CURTA EM RÉ NIQUELADA C/ GATILHO E CHAVE D'AGUA,$ 4.921,
3202G - CORNETA LONGA EM SIB NIQUELADA C/ GATILHO E CHAVE D'AGUA ,$ 5.116,
3205G - CORNETA LONGA EM FÁ (MOR) NIQUELADA C/ GATILHO E CHAVE D'AGUA ,$ 5.528,
3220G - CLARIM EM MIB NIQUELADO C/ GATILHO E CHAVE D'AGUA,$ 5.778,
BOCAL ,,sub
2500 - BOCAL PARA CORNETAS ,$ 665,
CORNETÃO,,categoria
CORNETÃO ,,sub
3210 - CORNETÃO HORIZONTAL EM SIB NIQUELADO ,$ 5.145,
3211 - CORNETÃO HORIZONTAL EM FÁ NIQUELADO,$ 5.528,
3212 - CORNETÃO HORIZONTAL EM MIB NIQUELADO ,$ 6.142,
CORNETÃO,,categoria
3210G - CORNETÃO HORIZONTAL EM SIB NIQUELADO C/ GATILHO E CHAVE D'AGUA ,$ 9.532,
3211G - CORNETÃO HORIZONTAL EM FÁ NIQUELADO C/ GATILHO E CHAVE D'AGUA ,$ 10.850,
3212G - CORNETÃO HORIZONTAL EM MIB NIQUELADO C/ GATILHO E CHAVE D'AGUA,$ 12.092,
BOCAL ,,sub
2501 - BOCAL PARA CORNETÕES ,$ 1.063,
CUÍCA,,categoria
INOX ,,sub
"BIN2506C - 25cm x 6"" - 5 AFINAÇÕES - ARO LARGO",$ 1.788,
"BIN2508C - 25cm x 8"" - 8 AFINAÇÕES - ARO LARGO ",$ 2.300,
ALUMÍNIO ,$ 700,sub
"731 - 17cm x 6"" - 5 AFINAÇÕES ",$ 1.276,
"BAL2506C - 25cm x 6"" - 5 AFINAÇÕES - ARO LARGO ",$ 1.660,
"BAL2508C - 25cm x 8"" - 8 AFINAÇÕES - ARO LARGO",$ 2.185,
"BAL2508CPP - 25cm x 8"" - 8 AFINAÇÕES - ARO LARGO - (2 CORES) ",$ 2.492,
"BAL2609CC - 26cm x 9"" - 9 AFINAÇÕES - ARO LARGO ",$ 2.466,
"BAL3010C - 30cm x 10"" - 10 AFINAÇÕES - ARO LARGO ",$ 2.428,
"BAL3010CPP - 25cm x 10"" - 8 AFINAÇÕES - ARO LARGO - (2 CORES) ",$ 2.876,
BAL3010CCR  - CUICA 10 ALUMINIO ARO CROMADO ,2800,
ESPECIAL ,,sub
"BINOURO - INOX 10"" - FERRAGENS DE LATÃO - 10 AFINAÇÕES ",$ 4.476,
"BALOURO - ALUMINIO 10"" - FERRAGENS DE LATÃO - 10 AFINAÇÕES ",$ 4.284,
"BMEOURO - MADEIRA 8"" - FERRAGEM DE LATÃO - 8 AFINAÇÕES ",$ 4.540,
CHAVE DE AFINAÇÃO ,,sub
890G - CHAVE DE AFINAÇÃO ESTAMPADA,$ 64,
888G - CHAVE DE AFINAÇÃO TUBULAR,$ 120,
"891G - CHAVE DE AFINAÇÃO EM ""L"" PROFISSIONAL ",$ 256,
888GS - CHAVE DE AFINAÇÃO TUBULAR ESPECIAL ,$ 282,
ACESSÓRIOS ,,sub
2230 - VARETA DE BAMBU PARA CUICA (GAMBITO) - (PACOTE COM 2) ,$ 164,
839 - GORGURÃO 22CM PROFISSIONAL (PACOTE COM 10 UNIDADES) ,$ 1.536,
842 - TALABARTE DE COURO 2 GANCHOS ,$ 512,
842N - TALABARTE DE NYLON 2 GANCHOS ,$ 251,
828G - TIRANTE 20cm ZINCADO - COM PORCA -UNIDADE ,$ 51,
828GG - TIRANTE 23cm ZINCADO - COM PORCA -UNIDADE ,$ 61,
829G - TIRANTE 25cm ZINCADO - COM PORCA - UNIDADE ,$ 64,
DJÊMBE,,categoria
"853 - 13"" - 7 AFINAÇÕES - PELE LAMINADA",$ 6.120,
"854 - 14"" - 8 AFINAÇÕES - PELE LAMINADA",$ 6.312,
CHAVE DE AFINAÇÃO PARA TIRANTE,,sub
892G - CHAVE DE AFINAÇÃO 12/13 ,$ 156,
ACESSÓRIOS ,,sub
848G - TIRANTE PARA DJEMBE (PACOTE COM 8 UNIDADES) ,$ 470,
"849 - COLUNA PARA DJEMBE, EPOXI (PACOTE COM 8 UNIDADES) ",$ 854,
842 - TALABARTE DE COURO 2 GANCHOS,$ 402,
842N - TALABARTE DE NYLON 2 GANCHOS,$ 275,
GANZÁ,,categoria
PLÁSTICO ,,sub
834S - OVINHO ,$ 240,
ALÚMINIO ,,sub
"836S - MIRIM - 13,5cm x 4,5cm ",$ 329,
"837S - PEQUENO SIMPLES - 22cm x 5,1cm ",$ 393,
"838S - MEDIO SIMPLES - 30cm x 6,5cm ",$ 496,
"839S - GRANDE SIMPLES 39cm X 7,5cm ",$ 585,
PANDEIRÃO,,categoria
ALÚMINIO - CORPO DE 10 CM ,,sub
"655PAN - 14"" - 6 COL. - PELE NYLON - EPOXI ",$ 3.048,
"656PAN - 16"" - 7 COL. - PELE NYLON - EPOXI ",$ 3.355,
"657PAN - 18"" - 8 COL. - PELE NYLON - EPOXI ",$ 3.637,
"658PAN - 20"" - 9 COL. - PELE NYLON - EPOXI",$ 3.918,
"659PAN - 22"" - 10 COL. - PELE NYLON - EPOXI",$ 4.072,
"660PAN - 24"" - 11 COL. - PELE NYLON - EPOXI ",$ 4.200,
ACESSÓRIOS ,,sub
"843GN - TIRANTE REBOLO/TAMTAM ""POP LINE"" COM PORCA (PACOTE COM 12) ",$ 508,
CHAVE DE AFINAÇÃO ,,sub
888G - CHAVE DE AFINAÇÃO TUBULAR,$ 120,
"891G - CHAVE DE AFINAÇÃO EM ""L"" PROFISSIONAL ",$ 256,
PANDEIRO,,categoria
INICIANTE ,,sub
"628PE - 8"" - 5 TIRANTES - 8 PRATINELAS - PELE NYLON - MADEIRA ENVERN. ",$ 999,
"628PEA - 8"" - 5 TIRANTES - 8 PRATINELAS - PELE ANIMAL - MADEIRA ENVERN.",$ 1.140,
"628PES - 8"" - MOD. SINFÔNICO - 26 PRATINELAS INOX - PELE ANIMAL PREGADA ",$ 1.242,
"631PE - 10"" - 6 TIRANTES - 10 PRATINELAS - PELE NYLON - MADEIRA ENVERN.",$ 1.089,
"631PEA - 10"" - 6 TIRANTES - 10 PRATINELAS - PELE ANIMAL - MADEIRA ENVERN. ",$ 1.255,
"631PF - 10"" - 6 TIRANTES - 10 PRATINELAS - PELE NYLON - FÓRMICA",$ 1.166,
"631PFH - 10"" - 6 TIRANTES - 10 PRATINELAS - PELE HOLOGRAFICA - FÓRMICA",$ 1.268,
"632PE - 11"" - 7 TIRANTES - 12 PRATINELAS - PELE NYLON - MADEIRA ENVERN. ",$ 1.178,
"632PEA - 11"" - 7 TIRANTES - 12 PRATINELAS - PELE ANIMAL - MADEIRA ENVERN. ",$ 1.396,
"632PF - 11"" - 7 TIRANTES - 12 PRATINELAS - PELE NYLON- FÓRMICA ",$ 1.575,
"632PFH - 11"" - 7 TIRANTES - 12 PRATINELAS - PELE HOLOGRAFICA - FÓRMICA ",$ 1.358,
"635PE - 12"" - 12 TIRANTES - 12 PRATINELAS - PELE NYLON - MADEIRA ENVERN. ",$ 1.281,
"635PEA - 12"" - 12 TIRANTES - 12 PRATINELAS -PELE ANIMAL - MADEIRA ENVERN.",$ 1.486,
"635PF - 12"" - 12 TIRANTES - 12 PRATINELAS - PELE NYLON - FÓRMICA",$ 1.358,
"635PFH - 12"" - 12 TIRANTES - 12 PRATINELAS - PELE HOLOGRAFICA - FÓRMICA ",$ 1.434,
PROFISSIONAL 1 AFINAÇÃO ,,sub
"641PEH - 10"" - 7 COL. - PELE HOLOGRAFICA - 24 PRATINELAS - MAD. ENVERN. ",$ 2.164,
"641PEP - 10"" - 7 COL. - PELE POROSA - 24 PRATINELAS - MAD. ENVERN. ",$ 2.164,
"641PP - 10"" - 7 COL. - PELE POROSA - 24 PRATINELAS FÓRMICA - (2 CORES) ",$ 2.330,
"644PEH - 11"" - 8 COL. - PELE HOLOGRAFICA - 28 PRATINELAS - MAD. ENVERN. ",$ 2.292,
"644PEP - 11"" - 8 COL. - PELE POROSA - 28 PRATINELAS - MAD. ENVERN.",$ 2.292,
"644PP - 11"" - 8 COL. - PELE POROSA - 28 PRATINELAS FÓRMICA - (2 CORES) ",$ 2.471,
"644TB - 11"" - 8 COL. - PELE POROSA - 28 PRATINELAS FÓRMICA - (TRIBAL)",$ 2.548,
"647PEH - 12"" - 9 COL. - PELE HOLOGRÁFICA - 32 PRATINELAS - MAD. ENVERN.",$ 2.420,
"647PEP - 12"" - 9 COL. - PELE POROSA - 32 PRATINELAS - MAD. ENVERN",$ 2.420,
"647PP - 12"" - 9 COL. - PELE NYLON - 32 PRATINELAS FÓRMICA - (2 CORES)",$ 2.612,
PROFISSIONAL 2 AFINAÇÃO ,,sub
"641PECR - 10""- 14 COL. - PELE HOLOG. - 24 PRATINELAS - 6 ABAFAD. ",$ 2.356,
"641PECRP - 10""- 14 COL. - PELE POROSA / HD PRETA - 24 PRATINELAS - 6 ABAFAD. ",$ 2.356,
"644PECR - 11""- 16 COL. - PELE HOLOG. - 28 PRATINELAS - 7 ABAFADORES ",$ 2.484,
"644PECRP - 11""- 16 COL. - PELE POROSA / HD PRETA - 28 PRATINELAS - 7 ABAFAD. ",$ 2.484,
"647PECR - 12"" 18 COL. - PELE HOLOG. - 32 PRATINELAS - 8 ABAFADORES ",$ 2.612,
CHORO ,,sub
"628PECRA - 8"" - 5 COLUNAS - PELE ANIMAL - 8 PRATINELAS - 4 ABAFADORES ",$ 1.498,
"640PECRA - 10"" - 7 COLUNAS - PELE ANIMAL - 24 PRATINELAS - 6 ABAFADORES ",$ 1.754,
"643PECRA - 11""- 8 COLUNAS - PELE ANIMAL - 28 PRATINELAS - 7 ABAFADORES ",$ 1.908,
CHORINHO ESPECIAL ,,sub
"650CRA - 10""- 7 COLUNAS - PRATINELA LINHA TITANIUM",$ 1.716,
"650CRA4 - 10""- 7 COLUNAS -PRATINELA COM 4 CHUVEIRINHOS ",$ 2.036,
"650CRA8 - 10""- 7 COLUNAS - PRATINELA COM 8 CHUVEIRINHOS ",$ 2.138,
"650-LT - 10""- 7 COLUNAS - PRATINELA DE LATÃO CONCAVAS",$ 1.767,
"651CRA - 11"" - 8 COLUNAS - PRATINELA LINHA TITANIUM ",$ 2.100,
"651CRAC - 11""- 8 COLUNAS - 7 PARES DE PRATINELAS DE LATÃO CONCAVAS ",$ 2.164,
CHAVE DE AFINAÇÃO ,,sub
854G - CHAVE DE AFINAÇÃO ESTAMPADA PEQUENA ,$ 59,
"850G - CHAVE DE AFINAÇÃO PEQUENA REFORÇADA ""T""",$ 205,
ACESSÓRIOS ,,sub
841CP - TIRANTE PARA PANDEIRO COM PORCA (PACOTE COM 18) ,$ 355,
"850P - COLUNA PARA PANDEIRO DE ALUMÍNIO, COMPLETO (PACOTE COM 18)",$ 380,
PRATO,,categoria
"770B - 13"" PAR DE PRATOS PARA BANDA EM LATÃO - LIGA SONORA ",$ 2.748,
ACESSÓRIOS ,,sub
851 - CORREIA PARA PRATO EM COURO- PAR ,$ 238,
REBOLO,,categoria
RETO ALUMINIO,,sub
"LAL5012SMN - 50cm x 12"" - 6 COLUNAS - PELE NAPA",$ 2.754,
"LAL5012SMCR - 50cm x 12"" - 6 AFINAÇOES - PELE NAPA - CROMADO ",$ 2.882,
RETO MADEIRA ,$ 1.000,sub
"LME5012SMN - 50cm x 12"" - 6 COLUNAS - PELE NAPA - REFORÇO INF. ",$ 2.638,
"LME5012SMCR - 50cm x 12"" - 6 AFINAÇOES - PELE NAPA - REFORÇO INF. - CROMADO",$ 2.894,
CÔNICO ALUMINIO,$ 1.000,sub
"LAL4510TMA - 45cm x 10"" - 5 AFINAÇOES - PELE ANIMAL ",$ 2.702,
"LAL4510TMAP - 45cm x 10"" - 5 AFINAÇOES - PELE ANIMAL - PINTADO ",$ 2.791,
"LAL4510TMAPP - 45cm x 10"" - 5 AFINAÇOES - PELE ANIMAL - PINTADO (2 CORES) ",$ 2.984,
"LAL4510TMACRP - 45cm x 10"" - 5 AFINAÇOES - PELE ANIMAL - PINTADO - CROMADO ",$ 3.086,
"LAL5511TMA - 55cm x 11"" - 5 AFINAÇOES - PELE ANIMAL ",$ 3.304,
"LAL5511TMAP - 55cm x 11"" - 5 AFINAÇOES - PELE ANIMAL - PINTADO ",$ 3.419,
" LAL5511TMAPP - 55cm x 11"" - 5 AFINAÇOES - PELE ANIMAL - PINTADO (2 CORES) ",$ 3.624,
"LAL5511TMACR - 55cm x 11"" - 5 AFINAÇOES - PELE ANIMAL - CROMADO",$ 3.458,
"LAL5511TMACRP - 55cm x 11"" - 5 AFINAÇOES - PELE ANIMAL - CROMADO - PINTADO ",$ 3.688,
"LAL4512TMA - 45cm x 12"" - 6 AFINAÇÕES - PELE ANIMAL ",$ 3.304,
"LAL4512TMAPP - 45cm x 12"" - 6 AFINAÇÕES - PELE ANIMAL - (2 CORES) ",$ 3.752,
"LAL4512TMACR - 45cm x 12"" - 6 AFINAÇOES - PELE ANIMAL - CROMADO",$ 3.432,
"LAL4512TMACRP - 45cm x 12"" - 6 AFINAÇOES - PELE ANIMAL - PINTADO - CROMADO ",$ 3.560,
CONICO MADEIRA,$ 1.000,sub
"LME5010TMA - 50cm x 10"" - 5 AFINAÇOES - PELE ANIMAL",$ 2.408,
"LME5010TMAP - 50cm x 10"" - 5 AFINAÇOES - PELE ANIMAL - PINTADO ",$ 2.664,
"LME5010TMAPP - 50cm x 10"" - 5 AFINAÇOES - PELE ANIMAL - PINTADO (2 CORES)",$ 2.830,
"LME5010TMACR - 50cm x 10"" - 5 AFINAÇOES - PELE ANIMAL ",$ 2.638,
"LME5010TMACRP - 50cm x 10"" - 5 AFINAÇOES - PELE ANIMAL - PINTADO ",$ 2.792,
"LME4512TMA - 45cm x 12"" - 6 AFINAÇÕES - PELE ANIMAL",$ 3.035,
POP LINE by GOPE ,$ 1.000,categoria
RETO,$ 1.000,sub
"RFE5012SM 50cm x 12"" - ARO REDONDO - 6 COLUNAS - PELE NAPA 120.00 174.00",$ 2.536,
"RFE5012SMP 50cm x 12"" - ARO REDONDO - 6 COLUNAS - PELE NAPA - PINTADO 132.00 191.40",$ 2.690,
CÔNICO ,$ 1.000,sub
"RFE4512TMN - 45cm x 12"" - ARO REDONDO - 6 COLUNAS - PELE NAPA ",$ 2.664,
"RFE4512TMNP - 45cm x 12"" - ARO REDONDO - 6 COLUNAS - PELE NAPA -PINTADO",$ 2.830,
CHAVE DE AFINAÇÃO ,,sub
890G - CHAVE DE AFINAÇÃO ESTAMPADA ,$ 64,
ACESSÓRIOS ,,sub
844G - TIRANTE PARA REBOLO/TIMBA/TAMTAM COM PORCA (PACOTE COM 6),$ 307,
"851C - COLUNA REBOLO/TIMBA/TAMTAM, COMPLETO - EPOXI (PACOTE COM 6) ",$ 768,
"843G - TIRANTE REBOLO/TAMTAM ""POP LINE"" COM PORCA (PACOTE COM 6)",$ 269,
"855C - COLUNA REBOLO/TAMTAM ""POP LINE"" COMPLETO (PACOTE COM 6) ",$ 557,
842 - TALABARTE DE COURO 2 GANCHOS ,$ 384,
842N - TALABARTE DE NYLON 2 GANCHOS,$ 188,
RECO-RECO,,categoria
FERRO ,,sub
763 2 - MOLAS PINTURA EPOXI - GUIRO ,$ 820,
764 3 - MOLAS PINTURA EPOXI - GUIRO ,$ 935,
764P - 3 MOLAS PINTURA EPOXI - QUADRADO ,$ 999,
ALUMÍNIO ,,sub
767 - 4 MOLAS COM REFORÇO NAS LATERIAIS,$ 1.166,
767P - 4 MOLAS COM REFORÇO NAS LATERIAIS - PINTADO ,$ 1.230,
ACESSÓRIOS ,,sub
BA35 - BAQUETA DE RECO PARA REPOSIÇÃO ,$ 128,
2024FR - MOLA DE RECO (PACOTE COM 3 UNIDADES),$ 230,
REPINIQUE,,categoria
ALUMÍNIO ,,sub
"BAL3008R - 30cm x 8"" - ARO - 5 AFINAÇÕES - BACURINHA",$ 1.980,
"BAL3010R - 30cm x 10"" - ARO - 6 AFINAÇÕES ",$ 2.300,
"BAL3010RCR - 30cm x 10"" - ARO - 6 AFINAÇÕES ",$ 2.428,
"BAL3012R - 30cm x 12"" - ARO - 7 AFINAÇÕES",$ 2.441,
"BAL3012RPP - 30cm x 12"" - ARO - 7 AFINAÇÕES 2 COORES",$ 2.806,
 BAL3012RCR - REPINIQUE ALUMINIO ARO CROMADO 12X30 7 TENSORES,2600,
"BAL3012R12 - 30cm x 12"" - ARO - 12 AFINAÇÕES ",$ 2.735,
"BAL3012R12CR - 30cm x 12"" - ARO - 12 AFINAÇÕES ",$ 2.825,
CHAVE DE AFINAÇÃO ,,sub
888G - CHAVE DE AFINAÇÃO TUBULAR ,$ 64,
"891G - CHAVE DE AFINAÇÃO EM ""L"" PROFISSIONAL ",$ 256,
ACESSÓRIOS ,,sub
BA03 - BAQUETA PARA REPINIQUE MADEIRA LISA - UNIDADE ,$ 24,
BA21 - BAQUETA DE NYLON PARA REPINIQUE - UNIDADE,$ 173,
830G - TIRANTE 30CM ZINCADO - COM PORCA - UNIDADE ,$ 54,
841 - TALABARTE DE COURO 1 GANCHO,$ 326,
841N - TALABARTE DE NYLON 1 GANCHO,$ 171,
REPIQUE DE ANEL,,categoria
ALUMÍNIO ,,sub
"LAL3012RAA - 30cm x 12""- 10 COLUNAS - AFINAÇÃO IND.",$ 2.991,
"LAL3012RAAP - 30cm x 12""- 10 COLUNAS - AFINAÇÃO IND.- PINTADO ",$ 3.183,
"LAL3012RAAPP - 30cm x 12""- 10 COLUNAS - AFINAÇÃO IND.- PINTADO (2 CORES) ",$ 3.388,
"LAL3012RAACR - 30cm x 12""- 10 COLUNAS - AFINAÇÃO IND.",$ 3.516,
CHAVE DE AFINAÇÃO ,,sub
890G - CHAVE DE AFINAÇÃO ESTAMPADA ,$ 64,
ACESSÓRIOS ,,sub
844G - TIRANTE PARA REBOLO/TIMBA COM PORCA (PACOTE COM 6),$ 307,
"851C - COLUNA REBOLO/TIMBA/TAMTAM, COMPLETO - EPOXI (PACOTE COM 6)",$ 768,
REPIQUE DE MÃO,,categoria
ALUMÍNIO ,,sub
"LAL3010RM - 30cm x 10"" - 5 AFINAÇÕES ",$ 1.980,
"LAL3010RMP - 30cm x 10"" - 5 AFINAÇÕES - PINTADO ",$ 2.134,
"LAL3010RMCR - 30cm x 10"" - 5 AFINAÇÕES - CROMADO ",$ 2.364,
"LAL3011RM - 30cm x 11"" - 6 AFINAÇÕES ",$ 2.121,
"LAL3011RMP - 30cm x 11"" - 6 AFINAÇÕES - PINTADO ",$ 2.223,
"LAL3011RMPP - 30cm x 11"" - AFINAÇÕES - (2 CORES)",$ 2.364,
"LAL3012RM - 30cm x 12"" - 6 AFINAÇÕES ",$ 2.274,
"LAL3012RMP - 30cm x 12"" - 6 AFINAÇÕES - PINTADO ",$ 2.377,
MADEIRA ,,sub
"LME3010RM - 30cm x 10""- 5 AFINAÇÕES - REFORÇO INFERIOR",$ 1.852,
"LME3010RMP - 30cm x 10""- 5 AFINAÇÕES - REFORÇO INFERIOR - PINTADO ",$ 1.967,
"LME3012RM - 30cm x 12""- 6 AFINAÇÕES - REFORÇO INFERIOR ",$ 2.300,
"LME3012RMP - 30cm x 12""- 6 AFINAÇÕES - REFORÇO INFERIOR - PINTADO ",$ 2.460,
POP LINE by GOPE ,,categoria
"RFE3010RM - 30cm x 10"" - ARO REDONDO - 5 COLUNAS ",$ 1.839,
"RFE3010RMP - 30cm x 10"" - ARO REDONDO - 5 COLUNAS - PINTADO ",$ 1.954,
"RFE3012RM - 30cm x 12"" - ARO REDONDO - 6 COLUNAS",$ 2.667,
"RFE3012RMP - 30cm x 12"" - ARO REDONDO - 6 COLUNAS - PINTADO ",$ 2.185,
CHAVE DE AFINAÇÃO ,,sub
890G - CHAVE DE AFINAÇÃO ESTAMPADA ,$ 64,
ACESSÓRIOS ,,sub
844G - TIRANTE PARA REBOLO/TIMBA COM PORCA (PACOTE COM 6) ,$ 307,
"851C - COLUNA REBOLO/TIMBA/TAMTAM, COMPLETO - EPOXI (PACOTE COM 6) ",$ 768,
"843G - TIRANTE REBOLO/TAMTAM ""POP LINE"" COM PORCA (PACOTE COM 6)",$ 269,
"855C - COLUNAREBOLO/TAMTAM ""POP LINE"" COMPLETO (PACOTE COM 6)",$ 557,
ROCAR (CHOCALHO),,categoria
ALUMÍNIO ,,sub
530 - ROCAR - CARNAVAL 3 COLUNAS - 60 PRATINELAS ,$ 1.140,
530L - ROCAR - CARNAVAL 2 COLUNAS - 60 PRATINELAS ,$ 1.114,
MADEIRA ,$ 500,sub
531 - ROCAR - PRATINELA PEQUENA CORPO MADEIRA - 3 FILEIRAS ,$ 756,
536 - ROCAR - PRATINELA GRANDE CORPO MADEIRA 5 FILEIRAS ,$ 1.012,
538 -ROCAR/CHOCALHO MADERA ,1200,
SURDO,,categoria
INOX ,,sub
"BIN3014 - 30cm x 14"" - 6 AFINAÇÕES - MÉDIO",$ 3.256,
"BIN6014 - 60cm x 14"" - 6 AFINAÇÕES - GIGANTE ",$ 4.088,
ALUMÍNIO ,$ 1.400,sub
"BAL2012 - 20cm x 12"" - 6 AFINAÇÕES - JÚNIOR MÉDIO ",$ 2.808,
"BAL3014 - 30cm x 14"" - 6 AFINAÇÕES - MÉDIO ",$ 3.115,
"BAL4514 - 45cm x 14"" - 6 AFINAÇÕES - MÓR",$ 3.320,
"BAL4518 - 45m x 18"" - 8 AFINAÇÕES ",$ 4.216,
"BAL4518P - 45m x 18"" - 8 AFINAÇÕES - PINTADO ",$ 4.498,
BAL4518CR - SURDO ALUMINIO ARO CROMADO 1 COUROS 18X45CM,4800,
"BAL4520 - 45cm x 20"" - 10 AFINAÇÕES",$ 4.600,
"BAL4520P - 45cm x 20"" - 10 AFINAÇÕES - PINTADO",$ 4.920,
"BAL4522 - 45cm x 22"" - 10 AFINAÇÕES",$ 5.112,
"BAL4522P - 45cm x 22"" - 10 AFINAÇÕES - PINTADO",$ 5.483,
BAL4522CR - SURDO ALUMINIO ARO CROMADO 1 COUROS 22X45CM,5900,
"BAL5016 - 50cm x 16"" - 8 AFINAÇÕES ",$ 3.896,
"BAL5018 - 50cm x 18"" - 8 AFINAÇÕES ",$ 4.344,
"BAL5020 - 50cm x 20"" - 10 AFINAÇÕES - TERCEIRA ",$ 4.830,
"BAL5022 - 50cm x 22"" - 10 AFINAÇÕES - SEGUNDA ",$ 5.368,
"BAL5024 - 50cm x 24"" - 12 AFINAÇÕES - PRIMEIRA ",$ 5.880,
"BAL5026 - 50cm x 26"" - 12 AFINAÇÕES - PRIMEIRA ",$ 6.520,
BAL5026CR - SURDO ALUMINIO ARO CROMADO 1 COUROS 26X50CM,6800,
"BAL5028 - 50cm x 28"" - 14 AFINAÇÕES - PRIMEIRA",$ 7.160,
"BAL6014 - 60cm x 14"" - 6 AFINAÇÕES ",$ 3.704,
"BAL6018 - 60cm x 18"" - 8 AFINAÇÕES ",$ 4.728,
"BAL6020 - 60cm x 20"" - 10 AFINAÇÕES - TERCEIRA",$ 5.624,
"BAL6022 - 60cm x 22"" - 10 AFINAÇÕES - SEGUNDA",$ 6.123,
"BAL6024 - 60cm x 24"" - 12 AFINAÇÕES - PRIMEIRA ",$ 6.648,
"BAL6026 - 60cm x 26"" - 12 AFINAÇÕES - PRIMEIRA",$ 7.032,
"BAL6028 - 60cm x 28"" - 14 AFINAÇÕES - PRIMEIRA ",$ 7.416,
MADEIRA ,,sub
"BME3014 - 30cm x 14"" - 6 AFINAÇÕES - MÉDIO ",$ 2.936,
"BME4514 - 45cm x 14"" - 6 AFINAÇÕES - MÓR ",$ 3.192,
"BME5018 - 50cm x 18"" - 8 AFINAÇÕES",$ 3.960,
"BME5020 - 50cm x 20"" - 10 AFINAÇÕES ",$ 4.344,
"BME5022 - 50cm x 22"" - 10 AFINAÇÕES ",$ 4.664,
"BME5024 - 50cm x 24"" - 12 AFINAÇÕES ",$ 5.150,
"BME6016 - 60cm x 16"" - 8 AFINAÇÕES",$ 3.883,
"BME6018 - 60cm x 18"" - 8 AFINAÇÕES - CORTE ",$ 4.216,
"BME6018CR - 60cm x 18"" - 8 AFINAÇÕES - CORTE - CROMADO ",$ 4.536,
"BME6020 - 60cm x 20"" - 10 AFINAÇÕES - TERCEIRA ",$ 4.587,
"BME6022 - 60cm x 22"" - 10 AFINAÇÕES - SEGUNDA ",$ 4.920,
"BME6024 - 60cm x 24"" - 12 AFINAÇÕES - PRIMEIRA ",$ 5.458,
CHAVE DE AFINAÇÃO ,,sub
888G - CHAVE DE AFINAÇÃO TUBULAR,$ 120,
"891G - CHAVE DE AFINAÇÃO EM ""L"" PROFISSIONAL",$ 256,
ACESSÓRIOS ,,sub
853C - PORCA DE AFINAÇÃO CROMADA (PACOTE COM 10),$ 96,
854C - PORCA DE AFINAÇÃO LATÃO CUMPRIDA (PACOTE COM 10) ,$ 192,
BA05 - BAQUETA MADEIRA LISA PARA SURDO - UNIDADE ,$ 52,
BA06 - BAQUETA MADEIRA LISA PARA SURDÃO - UNIDADE ,$ 106,
BA17 - BAQUETA DE MADEIRA - PONTA FORRADA - LONGA ,$ 163,
BA18 - BAQUETA DE MADEIRA - PONTA FORRADA - CURTA ,$ 163,
BA24 - BAQUETA CABO DE ALUMÍNIO- PONTA FORRADA - LONGA ,$ 288,
841NR - TALABARTE DE NYLON COM 1 GANCHO REFORÇADO ,$ 211,
830G - TIRANTE 30cm ZINCADO - COM PORCA - UNIDADE ,$ 54,
831G - TIRANTE 40cm ZINCADO - COM PORCA - UNIDADE,$ 73,
832G - TIRANTE 45cm ZINCADO - COM PORCA - UNIDADE,$ 73,
833G - TIRANTE 50cm ZINCADO - COM PORCA - UNIDADE ,$ 79,
834G - TIRANTE 60cm ZINCADO - COM PORCA - UNIDADE ,$ 92,
SURDO COM TRIPÉ,,categoria
ALUMÍNIO ,,sub
"BAL6016PP - 60cm x 16"" - 8 AFINAÇÕES - 1 LADO PELE ANIMAL (2 CORES) ",$ 5.496,
"BAL6018PE - 60cm x 18"" - 8 AFINAÇÕES - 1 LADO PELE ANIMAL ",$ 5.662,
"BAL6018PEPP - 60cm x 18"" - 8 AFINAÇÕES - 1 LADO PELE ANIMAL - (2 CORES)",$ 6.520,
"BAL6018CRPE - 60cm x 18"" - 8 AFINAÇÕES - 1 LADO PELE ANIMAL - CROMADO ",$ 5.995,
"BAL6018CRPEP - 60cm x 18"" - 8 AFINAÇÕES - 1 LADO PELE ANIMAL - PINTADO - CROMADO ",$ 6.456,
"BAL6020PE - 60cm x 20"" - 10 AFINAÇÕES - 1 LADO PELE ANIMAL ",$ 6.712,
"BAL6020PEP - 60cm x 20"" - 10 AFINAÇÕES - 1 LADO PELE ANIMAL - PINTADO",$ 7.237,
"BAL6020PEPP - 60cm x 20"" - 10 AFINAÇÕES - 1 LADO PELE ANIMAL - PINTADO (2 CORES)",$ 7.787,
"BAL6020CRPE - 60cm x 20"" - 10 AFINAÇÕES - 1 LADO PELE ANIMAL - CROMADO",$ 7.032,
"BAL6020CRPEP - 60cm x 20"" - 10 AFIN. - 1 LADO PELE ANIMAL - PINTADO - CROMADO ",$ 7.595,
MADEIRA ,,sub
"BME6016PEP - 60cm x 16"" - 8 AFIN. - 1 LADO PELE ANIMAL - PINTADO ",$ 4.920,
"BME6018PE - 60cm x 18"" - 8 AFIN. - 1 LADO PELE ANIMAL E TRIPÉ",$ 5.304,
"BME6018PEP - 60cm x 18"" - 8 AFIN. - 1 LADO PELE ANIMAL E TRIPÉ - PINTADO ",$ 5.701,
"BME6018PEPP - 60cm x 18"" - 8 AFIN. - 1 LADO PELE ANIMAL /TRIPÉ - PINTADO (2 CORES)",$ 6.123,
"BME6018CRPE - 60cm x 18"" - 8 AFIN. - 1 LADO PELE ANIMAL - CROMADO ",$ 5.611,
"BME6018CRPEP - 60cm x 18"" - 8 AFIN. - 1 LADO PELE ANIMAL - PINTADO - CROMADO ",$ 6.034,
"BME6020PE - 60cm X 20"" - 10 AFIN. - 1 LADO ANIMAL E TRIPÉ",$ 5.880,
"BME6020PEPP - 60cm X 20"" - 10 AFIN. - 1 LADO ANIMAL E TRIPÉ (2 CORES) ",$ 6.814,
"BME6020CRPE - 60cm x 20"" -10 AFIN. - 1 LADO PELE ANIMAL - CROMADO",$ 6.200,
"BME6020CRPEP - 60cm x 20"" -10 AFIN. - 1 LADO PELE ANIMAL - PINTADO - CROMADO",$ 6.674,
MADEIRA COM AFINAÇÃO INDIVIDUAL ,,sub
"BAT6018M - 60cm x 18"" - 16 AFINAÇÕES - PELE ANIMAL ",$ 6.891,
"BAT6018MP - 60cm x 18"" - 16 AFINAÇÕES - PELE ANIMAL - PINTADO ",$ 7.429,
"BAT6020M - 60cm x 20"" - 20 AFINAÇÕES - PELE ANIMAL ",$ 7.250,
"BAT6020MP - 60cm x 20"" - 20 AFINAÇÕES - PELE ANIMAL - PINTADO ",$ 7.835,
CHAVE DE AFINAÇÃO ,,sub
888G - CHAVE DE AFINAÇÃO TUBULAR,$ 120,
"891G - CHAVE DE AFINAÇÃO EM ""L"" PROFISSIONAL",$ 256,
ACESSÓRIOS DO SURDO ,,sub
89CR - PÉ DO SURDO COM SUPORTE (CONJUNTO COM 3) – CROMADO ,$ 1.460,
849 - BORBOLETA PARA AFINAÇÃO (PACOTE COM 10) ,$ 115,
834G - TIRANTE 60CM ZINCADO - COM PORCA - UNIDADE ,$ 92,
BA17 - BAQUETA DE MADEIRA - PONTA FORRADA - LONGA,$ 163,
BA18 - BAQUETA DE MADEIRA - PONTA FORRADA - CURTA,$ 163,
BA24 - BAQUETA CABO DE ALUMÍNIO- PONTA FORRADA - LONGA ,$ 288,
SURDO BOLACHÃO,,categoria
TRIO DE SURDO BOLACHÃO ,,
"TSUR - TRIO BOLACHÃO 18"",20"",22"" ALUMÍNIO C/ SUPORTE",$ 10.117,
"TSURP - TRIO BOLACHÃO 18"",20"",22"" ALUMÍNIO - PINTADO - C/ SUPORTE ",$ 10.642,
SUPORTE ,,sub
STB - SUPORTE P/BOLACHÃO,$ 3.516,
 CHAVE DE AFINAÇÃO ,,sub
890G CHAVE DE AFINAÇÃO ESTAMPADA 2.50 3.63,$ 64,
SURDO DE MÃO,,categoria
"BAL4512-1P SURDO 45cm X 12"" ALUMÍNIO - AFIN. DE 1 LADO - PINTADO PRETO ",$ 2.536,
"BAL4514-1P SURDO 45cm X 14"" ALUMÍNIO - AFIN. DE 1 LADO - PINTADO VERMELHO ",$ 2.754,
"BAL4516-1P SURDO 45cm X 16"" ALUMÍNIO - AFIN. DE 1 LADO - PINTADO AMARELO ",$ 3.074,
"BAL4518-1P SURDO 45cm X 18"" AUMÍNIO - AFIN. DE 1 LADO - PINTADO VERDE ",$ 3.522,
 SUPORTE ,,sub
SSB - SAPATILHA DE SURDO BORRACHA ( JG COM 3 PEÇAS) ,$ 237,
 CHAVE DE AFINAÇÃO ,,sub
890G - CHAVE DE AFINAÇÃO ESTAMPADA ,$ 64,
TAMBORIM,,categoria
FERRO ,,sub
594 - AÇO PINTURA EPOXI - 6 AFINAÇÕES ,$ 807,
594CR - AÇO CROMADO - 6 AFINAÇÕES ,$ 961,
ALUMÍNIO ,$ 500,sub
595ALCR - 6 AFINAÇÕES - CORPO FRISADO - POLIDO ,$ 1.012,
595ALCRP - 6 AFINAÇÕES - CORPO FRISADO - POLIDO - PINTADO ,$ 1.063,
595PP - 6 AFINAÇÕES - CORPO FRISADO - 6 AFIN. - (2 CORES) ,$ 1.114,
598ALCR - TAMBOURIM ALUMINIO FRIZADO 10 AFINAÇÕES,950,
MADEIRA ,,sub
625MECR - MADEIRA - 6 AFINAÇÕES - ENCERADO ,$ 948,
625F - FÓRMICA - 6 AFINAÇÕES ,$ 986,
627MECR - MADEIRA - 10 AFINAÇÕES - ENCERADO ,$ 1.076,
TAMBORIM COM CLAMP ,,sub
595ALCRSUP - ALUMÍNIO - 6 AFINAÇÕES - PELE POROSA,$ 1.242,
CHAVE DE AFINAÇÃO ,,sub
854G - CHAVE DE AFINAÇÃO ESTAMPADA PEQUENA,$ 59,
"850G - CHAVE DE AFINAÇÃO PEQUENA REFORÇADA ""T""",$ 205,
ACESSÓRIOS ,,sub
TSUPCR - SUPORTE PARA TAMBORIM (CLAMP),$ 384,
BA04 - BAQUETA MADEIRA LISA - UNIDADE ,$ 38,
BA04P - BAQUETA MADEIRA LISA COM PONTA - UNIDADE ,$ 58,
BA22 - BAQUETA PVC - DUPLA - UNIDADE ,$ 52,
BA23 - BAQUETA PVC - TRIPLA - UNIDADE,$ 56,
BA25 - BAQUETA NYLON - DUPLA - UNIDADE ,$ 67,
BA26 - BAQUETA NYLON - TRIPLA - UNIDADE ,$ 76,
BA30 - BAQUETA TRIPLA ESPECIAL ,$ 171,
BA31 - BAQUETA QUÌNTUPLA ESPECIAL,$ 186,
840G - TIRANTE PARA TAMBORIM COM PORCA (PACOTE COM 6 UNIDADES),$ 154,
"850 - COLUNA TAMBORIM/PANDEIRO DE ALUMÍNIO, COMPLETO (PACOTE COM 6 UNIDADES) ",$ 173,
TAM TAM,,categoria
ALUMÍNIO ,,sub
"LAL6014SM - 60cm x 14"" - 6 AFINAÇÕES - PELE NAPA ",$ 3.496,
"LAL6014SMCR - 60cm x 14"" - 6 AFINAÇÕES - PELE NAPA",$ 3.880,
"LAL6014SMPP - 60cm x 14"" - 6 AFINAÇÕES - PELE NAPA - (2 CORES) ",$ 4.008,
CÔNICO ,,sub
"LAL6514SMN - 65cm x 14"" - 6 AFINAÇÕES - PELE ANIMAL",$ 3.752,
"LAL6514SMNP - 65cm x 14"" - 6 AFINAÇÕES - PELE ANIMAL - PINTADA ",$ 4.008,
MADEIRA ,,sub
"LME7014SM - MADEIRA - 70cm x 14"" - 6 AFINAÇÕES - PELE NAPA - REFORÇO INF.",$ 3.150,
"LME7014SMPP - MADEIRA - 70cm x 14"" - 6 AFINAÇÕES - PELE NAPA - REF. - (2 CORES)",$ 3.624,
"LME7014SMCR - MADEIRA - 70cm x 14""- 6 AFINAÇÕES - PELE NAPA - REFORÇO INF. ",$ 3.560,
"LME7014SMCRP - MADEIRA - 70cm x 14""- 6 AFIN. -PELE NAPA - REFORÇO INF. - PINT. ",$ 3.816,
POP LINE by GOPE ,,categoria
"RFE6014SM - 60cm x 14"" - ARO REDONDO - 6 COLUNAS - PELE NAPA ",$ 3.048,
"RFE6014SMP - 60cm x 14"" - ARO REDONDO - 6 COLUNAS - PELE NAPA - PINTADO",$ 3.253,
CHAVE DE AFINAÇÃO ,,sub
890G - CHAVE DE AFINAÇÃO ESTAMPADA ,$ 64,
ACESSÓRIOS ,,sub
844G - TIRANTE PARA REBOLO/TIMBA/TAMTAM COM PORCA (PACOTE COM 6) ,$ 307,
"851C - COLUNA REBOLO/TIMBA/TAMTAM, COMPLETO - EPOXI (PACOTE COM 6) ",$ 768,
"843G - TIRANTE REBOLO/TAMTAM ""POP LINE"" COM PORCA (PACOTE COM 6) ",$ 269,
"855C - COLUNA REBOLO/TAMTAM ""POP LINE"" COMPLETO (PACOTE COM 6)",$ 557,
841 - TALABARTE DE COURO 1 GANCHO,$ 326,
841N - TALABARTE DE NYLON 1 GANCHO ,$ 171,
TIMBA,,categoria
ALUMÍNIO ,,sub
"LAL6514TM - 65cm x 14"" - 6 AFINAÇÕES ",$ 3.960,
"LAL6514TMP - 65cm x 14"" - 6 AFINAÇÕES - PINTADA ",$ 4.114,
"LAL9014TM - 90cm x 14"" - 6 AFINAÇÕES ",$ 5.669,
MADEIRA ,,sub
"LME5010TM - 50cm x 10"" - 5 AFINAÇÕES ",$ 1.306,
"LME7014TM - 70cm x 14"" - 6 AFINAÇÕES ",$ 1.882,
"LME9014TM - 90cm x 14"" - 6 AFINAÇÕES ",$ 2.227,
"LME9014TMP - 90cm x 14"" - 6 AFINAÇÕES - PINTADA",$ 2.450,
CHAVE DE AFINAÇÃO ,,sub
890G - CHAVE DE AFINAÇÃO ESTAMPADA ,$ 64,
ACESSÓRIOS DA TIMBA ,,sub
844G - TIRANTE PARA REBOLO/TIMBA/TAMTAM COM PORCA (PACOTE COM 6) ,$ 307,
"851C - COLUNA REBOLO/TIMBA/TAMTAM, COMPLETO - EPOXI (PACOTE COM 6)",$ 768,
841 - TALABARTE DE COURO 1 GANCHO ,$ 326,
841N - TALABARTE DE NYLON 1 GANCHO ,$ 171,
TIMBAL,,categoria
ALUMÍNIO ,,sub
LAL9014TB16 - ALUMÍNIO - 16 AFINAÇÕES - EPOXI / LAMINADA,$ 4.984,
LAL9014TBCR16 - ALUMÍNIO - 16 AFINAÇÕES- CROMADA / LAMINADA,$ 5.368,
LAL9014TBPP16 - ALUMÍNIO - 16 AFINAÇÕES- DOS CORES,$ 5.726,
MADEIRA ,,sub
LME9014TB10 - MADEIRA DUPLA - 10 AFINAÇÕES - EPOXI / NYLON ,$ 4.434,
LME9014TBCR10 - MADEIRA DUPLA - 10 AFINAÇÕES- CROMADA/ NYLON,$ 4.664,
LME9014TBPP10 - MADEIRA DUPLA - 10 AFINAÇÕES-DOS CORES,$ 5.074,
SUPORTE ,,sub
5996D - SUPORTE DESMONTAVEL PARA TIMBAL ,$ 2.287,
CHAVE DE AFINAÇÃO ,,sub
890G - CHAVE DE AFINAÇÃO ESTAMPADA ,$ 64,
ACESSÓRIOS ,,sub
844GT -TIRANTE PARA REBOLO/TIMBA/TAMTAM COM PORCA (PACOTE COM 10) ,$ 480,
"851CT - COLUNA REBOLO/TIMBA/TAMTAM, COMPLETO - EPOXI (PACOTE COM 10) ",$ 1.248,
TIMBALETAS,,categoria
ALUMÍNIO ,,sub
"TBS - TIMBALES ALUMÍNIO 13"" e 14"" COM SUPORTE ",$ 6.696,
"TB - TIMBALES ALUMÍNIO 13"" e 14"" , AFINAÇÃO EM LATÃO - C/ SUPORTE - PROFISSIONAL ",$ 9.000,
ACESSÓRIOS ,,sub
BA07 - BAQUETA PARA TIMBALES - PAR,$ 104,
TRIÂNGULO,,categoria
"825 - AÇO CROMADO - 6"" / 15cm - LIGA SONORA ",$ 294,
"826 - AÇO CROMADO - 8"" / 20cm - LIGA SONORA ",$ 371,
"827 - AÇO CROMADO - 10"" / 25cm - LIGA SONORA ",$ 525,
"828 - AÇO CROMADO - 12""/ '30cm - LIGA SONORA",$ 579,
"829 - AÇO CROMADO - 15"" / 38cm - LIGA SONORA - FORRÓ",$ 732,
"830 - AÇO CROMADO - 17"" / 43cm - LIGA SONORA - FORROZÃO ",$ 832,
XEQUERÊ,,categoria
5024 - XEQUERÊ ,$ 1.844,
ZABUMBA,,categoria
ALUMÍNIO ,,sub
"BAL2018 - ALUMÍNIO - 20cm x 18"" - 8 AFINAÇÕES ",$ 3.960,
"BAL2020 - ALUMÍNIO - 20cm x 20"" - 10 AFINAÇÕES ",$ 1.400,
 MADEIRA ,,sub
"BME2016 - MADEIRA - 20cm x 16"" - 8 AFINAÇÕES ",$ 4.088,
"BME2016P - MADEIRA - 20cm x 16"" - 8 AFINAÇÕES - PINTADA ",$ 3.448,
"BME2018 - MADEIRA - 20cm x 18"" - 8 AFINAÇÕES ",$ 3.576,
"BME2018CR - MADEIRA - 20cm x 18"" - 8 AFINAÇÕES - CROMADA ",$ 3.896,
"BME2020 - MADEIRA - 20cm x 20"" - 10 AFINAÇÕES ",$ 3.883,
MADEIRA COM AFINAÇÃO INDIVIDUAL ,,sub
"BAT2018C - 20cm x 18"" - 16 AFINAÇÕES - PELE BATEDEIRA POROSA/LAMINADA ",$ 4.600,
"BAT2018CP - 20cm x 18"" - 16 AFIN. - PELE BATEDEIRA POROSA/LAMINADA - PINTADA ",$ 4.958,
"BAT2020C - 20cm x 20"" - 20 AFINAÇÕES - PELE BATEDEIRA POROSA/LAMINADA",$ 5.202,
CHAVE DE AFINAÇÃO ,,sub
888G - CHAVE DE AFINAÇÃO TUBULAR,$ 120,
890G - CHAVE DE AFINAÇÃO ESTAMPADA ,$ 64,
"891G - CHAVE DE AFINAÇÃO EM ""L"" PROFISSIONAL ",$ 256,
ACESSÓRIOS ,,sub
BA29 - BAQUETA PARA ZABUMBA - UNIDADE ,$ 102,
BA34 - BAQUETA BACALHAU PARA ZABUMBA - UNIDADE ,$ 26,
842 - TALABARTE DE COURO 2 GANCHOS ,$ 380,
842N - TALABARTE DE NYLON 2 GANCHOS,$ 188,
PELES ,,categoria
LINHA BATERA,,categoria
HIDRÁULICA - FILME DUPLO,,sub
"BHDG06M - HIDRAÚLICA 6""",$ 192,
"BHDG08M - HIDRAÚLICA 8""",$ 240,
"BHDG10M - HIDRAÚLICA 10""",$ 269,
"BHDG12M - HIDRAÚLICA 12""",$ 346,
"BHDG13M - HIDRAÚLICA 13""",$ 384,
"BHDG14M - HIDRAÚLICA 14""",$ 422,
"BHDG15M - HIDRAÚLICA 15""",$ 461,
"BHDG16M - HIDRAÚLICA 16""",$ 480,
"BHDG18L - HIDRAÚLICA 18""",$ 749,
"BHDG20L - HIDRAULICA 20""",$ 826,
"BHDG22L - HIDRAÚLICA 22""",$ 941,
HIDRÁULICA - FILME DUPLO - COM ABAFADOR,,sub
"BHDG18LM -VHIDRAÚLICA 18"" c/ ABAFADOR ",$ 883,
"BHDG20LM - HIDRAÚLICA 20"" c/ ABAFADOR ",$ 998,
"BHDG22LM - HIDRAÚLICA 22"" c/ ABAFADOR ",$ 1.152,
CLARA CRISTAL MONOFILME,,sub
"BTRC10 - BATERA CLARA CRISTAL 10"" ",$ 230,
"BTRC12 - BATERA CLARA CRISTAL 12"" ",$ 307,
"BTRC13 - BATERA CLARA CRISTAL 13"" ",$ 326,
"BTRC14 - BATERA CLARA CRISTAL 14"" ",$ 365,
"BTRC16 - BATERA CLARA CRISTAL 16"" ",$ 422,
"BTRC18 - BATERA CLARA CRISTAL 18"" ",$ 653,
"BTRC20 - BATERA CLARA CRISTAL 20"" ",$ 730,
"BTRC22 - BATERA CLARA CRISTAL 22"" ",$ 806,
BRANCA - POROSA - MONOFILME,,sub
"BPWC13 - BATERA POROSA 13""",$ 384,
"BPWC14 - BATERA POROSA 14"" ",$ 422,
BRANCA - POROSA - COM ABAFADOR,,sub
"BWCD13M - BATERA POROSA 13"" c/ ABAFADOR",$ 422,
"BWCD14M - BATERA POROSA 14"" c/ ABAFADOR",$ 461,
HIDRÁULICA POROSA - FILME DUPLO,,sub
"BHDC12M - BATERA HIDRÁULICA POROSA 12"" ",$ 499,
"BHDC13M - BATERA HIDRÁULICA POROSA 13"" ",$ 557,
"BHDC14M - BATERA HIDRÁULICA POROSA 14"" ",$ 614,
"BHDC16M - BATERA HIDRÁULICA POROSA 16"" ",$ 691,
RESPOSTA DE CAIXA E BUMBO,,categoria
CRISTAL PARA CAIXA ,,sub
"BSS10 - RESPOSTA TRANSPARENTE 10"" ",$ 98,
"BSS12 - RESPOSTA TRANSPARENTE 12"" ",$ 125,
"BSS13 - RESPOSTA TRANSPARENTE 13""",$ 134,
"BSS14 - RESPOSTA TRANSPARENTE 14"" ",$ 154,
PRETA DE BUMBO ,,sub
"BBCB18 - BATERA BAIXO PRETA 18""",$ 806,
"BBCB20 - BATERA BAIXO PRETA20"" ",$ 902,
"BBCB22 - BATERA BAIXO PRETA 22"" ",$ 998,
PRETA DE BUMBO COM FURO ,,sub
"BBCB18F - BATERA BAIXO PRETA 18""",$ 864,
"BBCB20F - BATERA BAIXO PRETA20"" ",$ 960,
"BBCB22F - BATERA BAIXO PRETA 22""",$ 1.056,
PRETA DE BUMBO COM ABAFADOR ,,sub
"BCB18M - BAT 18"" ABAFADOR ",$ 998,
"BCB20M - BAT 20"" ABAFADOR ",$ 1.075,
"BCB22M - BAT 22"" ABAFADOR ",$ 1.190,
PELE MUDA,,categoria
"GPH06 - PELE PARA ESTUDO PRETA - 6""",$ 154,
"GPH08 - PELE PARA ESTUDO PRETA - 8"" ",$ 173,
"GPH10 - PELE PARA ESTUDO PRETA - 10""",$ 192,
"GPH12 - PELE PARA ESTUDO PRETA - 12"" ",$ 250,
"GPH13 - PELE PARA ESTUDO PRETA - 13"" ",$ 288,
"GPH14 - PELE PARA ESTUDO PRETA - 14"" ",$ 326,
"GPH16 - PELE PARA ESTUDO PRETA - 16"" ",$ 384,
"GPH18 - PELE PARA ESTUDO PRETA - 18"" ",$ 691,
"GPH20 - PELE PARAZ ESTUDO PRETA - 20"" ",$ 768,
"GPH22 - PELE PARA ESTUDO PRETA - 22"" ",$ 922,
KITS,,categoria
FUSION,,sub
"SFHD5 - HIDRAULICA 12"", 13"", 16"", 22"" + 14"" CAIXA POROSA ",$ 2.304,
"SFWC5 - BATERA POROSA  12"", 13"", 16"", 22"" + 14"" CAIXA",$ 2.112,
"SFWD5 - BATERA HIDRÁULICA POROSA 12"", 13"", 16"", 22"" + 14"" CX. POROSA MONOFILME",$ 2.688,
"SFBC5 - BATERA CLARA CRISTAL 10"", 12"", 14"", 20"" + 14"" CAIXA",$ 1.901,
"GPH20F - MUDA 10"", 12"", 14"", 20"" + 14"" ",$ 1.862,
STANDART,,sub
"SSMS5 - HIDRÁULICA 12"", 13"", 16"", 22"" + 14"" CAIXA POROSA",$ 2.573,
"SSWC5 - BATERA POROSA 12"", 13"", 16"", 22"" + 14"" CAIXA",$ 2.400,
"SSWD5 - BATERA HIDRÁULICA POROSA 12"", 13"", 16"", 22"" + 14"" CX. POROSA MONOFILME",$ 2.880,
"SSBC5 - BATERA CLARA CRISTAL 12"", 13"", 16"", 22"" + 14"" CAIXA POROSA",$ 2.208,
"GPH5K - MUDA 12"", 13"", 16"", 22"" + 14""",$ 2.112,
KIT P/ TONS & CAIXAS,,categoria
FUSION SSB,,sub
"SFHD4 - HIDRAÚLICA 10"", 12"", 14"" + 14"" CAIXA POROSA",$ 1.766,
"SFWD4 - HIDRÁULICA POROSA 10"", 12"", 14"" + 14"" CAIXA POROSA MONOFILME",$ 2.400,
"SFBC4 - BATERA CLARA CRISTAL 10"", 12"", 14"" + 14"" CAIXA POROSA",$ 1.594,
STANDARD SSB,,sub
"SSMS4 - HIDRAÚLICA 12"", 13"", 16"" + 14"" CAIXA POROSA",$ 2.112,
"SSWD4 - HIDRÁULICA POROSA 12"", 13"", 16"" + 14"" CAIXA POROSA MONOFILME",$ 2.688,
"SSBC4  - BATERA CLARA CRISTAL 12"", 13"", 16"" + 14"" CAIXA POROSA",$ 1.901,
LINHA PERCUSSÃO,,categoria
PELE DE POLIESTER (NYLON) 250 MICRONS - GP3,,sub
1021 - GP3 LEITOSA 6'' ,100,
1023 - GP3 LEITOSA 8'' ,110,
1030 - GP3 LEITOSA 10'' ,120,
1031 - GP3 LEITOSA 11'' ,130,
1032 - GP3 LEITOSA 12'' ,150,
1033 - GP3 LEITOSA 13'' ,155,
1034 - GP3 LEITOSA 14'' ,170,
1036 - GP3 LEITOSA 16'' ,"181,35",
1038 - GP3 LEITOSA 18'' ,"341,25",
1040 - GP3 LEITOSA 20'' ,"382,2",
1042 - GP3 LEITOSA 22'' ,"431,925",
1044 - GP3 LEITOSA 24'' ,"487,5",
1046 - GP3 LEITOSA 26'' ,"547,95",
PELE DE POLIESTER RESPOSTA 75 MICRONS - GP0,,sub
"1000 - GP0 RESPOSTA 12"" - TRANSPARENTE",$ 108,
"1001 - GP0 RESPOSTA 13"" - TRANSPARENTE ",$ 107,
"1002 - GP0 RESPOSTA 14"" - TRANSPARENTE ",$ 125,
PELE POROSA PARA PERCUSSÃO 250 MICRONS - GP3,,sub
"LP1206 - PELE POROSA 6""",$ 106,
"LP1210 - PELE POROSA 10"" ",$ 154,
"LP1211 - PELE POROSA 11""",$ 186,
"LP1212 - PELE POROSA 12"" ",$ 204,
"LP1214 - PELE POROSA 14"" ",$ 233,
PELE SINTÉTICA PARA BONGO E TUMBADORA,,categoria
BONGÔ,,sub
"BFHD65 - PELE DE BONGÔ 6, 1/2” ",$ 1.198,
BFHD8 - PELE DE BONGÔ 8” ,$ 1.407,
CONGAS,,sub
"1910P - PELE REQUINTO 9,3/4"" ",$ 2.128,
"1911P - PELE QUINTO 11"" ",$ 2.261,
"1912P - PELE CONGA 11,3/4"" ",$ 2.393,
"1913P - PELE TUMBADORA 12,1/2"" ",$ 2.527,
PELE ANIMAL EMPACHADA GROSSA ( BONGO E TUMBADORA),,categoria
BONGÔ,,sub
"1906 - 6 1/2""- BONGO ",$ 1.056,
"1908 - 8""- BONGO ",$ 1.248,
CONGAS,,sub
"1910 - 9.3/4""- REQUINTO ",$ 1.536,
"1911 - 11"" - QUINTO ",$ 1.728,
"1912 - 11.3/4""- CONGA ",$ 1.901,
"1913 - 12.1/2""- TUMBADORA ",$ 2.112,
PELE NAPA,,categoria
"1610 - GP2 FORRADA DE NAPA 10"" ",$ 169,
"1612 - GP2 FORRADA DE NAPA 12"" ",$ 206,
"1614 - GP2 FORRADA DE NAPA 14"" ",$ 263,
"1616 - GP2 FORRADA DE NAPA 16"" ",$ 303,
"1618 - GP2 FORRADA DE NAPA 18"" ",$ 559,
"1620 - GP2 FORRADA DE NAPA 20"" ",$ 620,
PELE HOLOGRÁFICA,,categoria
"1810 - HOLOGRÁFICA 10""",$ 202,
"1811 - HOLOGRÁFICA 11"" ",$ 238,
"1812 - HOLOGRÁFICA 12"" ",$ 263,
PELE NYLON PERSONALIZADA,,categoria
1021P - LEITOSA PERSONALIZADA 6''  ,$ 132,
1023P - LEITOSA PERSONALIZADA 8'' ,$ 177,
1030P - LEITOSA PERSONALIZADA 10''  ,$ 188,
1031P - LEITOSA PERSONALIZADA 11'' ,$ 211,
1032P - LEITOSA PERSONALIZADA 12'' ,$ 240,
1033P - LEITOSA PERSONALIZADA 13'' ,$ 252,
1034P - LEITOSA PERSONALIZADA 14''  ,$ 269,
1035P - LEITOSA PERSONALIZADA 15'' ,$ 278,
1036P - LEITOSA PERSONALIZADA 16'' ,$ 288,
1038P -LEITOSA PERSONALIZADA 18''  ,$ 538,
1040P - LEITOSA PERSONALIZADA 20'' ,$ 601,
1042P - LEITOSA PERSONALIZADA 22'' ,$ 680,
1044P - LEITOSA PERSONALIZADA 24'' ,$ 768,
1046P - LEITOSA PERSONALIZADA 26'',$ 864,
PELE CRISTAL TRIBAL,,categoria
TR10 - CRISTAL TRIBAL 10'' ,$ 384,
TR11 - CRISTAL TRIBAL 11'' ,$ 440,
TR12 - CRISTAL TRIBAL 12'' ,$ 493,
PELE LAMINADA PARA PERCUSSÃO,,categoria
BFLH10 - PELE LAMINADA 10'' ,$ 422,
BFLH11 - PELE LAMINADA 11'' ,$ 442,
BFLH12 - PELE LAMINADA 12'' ,$ 538,
BFLH14 - PELE LAMINADA 14'' ,$ 645,
PELE PARA CUÍCA NO ARO DE ALUMÍNIO,,categoria
"1506CV - 6"" - MONTADA -COM VARETA ",$ 400,
"1507CV - 7"" - MONTADA - COM VARETA ",$ 450,
"1508CV - 8"" - MONTADA - COM VARETA ",$ 500,
"1509CV - 9"" -MONTADA - COM VARETA ",$ 550,
"1510CV - 10"" - MONTADA - COM VARETA ",$ 600,
PELE ANIMAL NO ARO DE ALUMÍNIO,,categoria
"1506C - 6"" - MONTADA ",$ 182,
"1507C - 7"" - MONTADA",$ 188,
"1508C - 8"" - MONTADA- BANJO ",$ 211,
"1510C - 10"" - MONTADA ",$ 269,
"1510CPC - 10"" - PANDEIRO CHORINHO ",$ 307,
"1511C - 11"" - MONTADA ",$ 346,
"1512C - 12"" - MONTADA ",$ 365,
"1514C - 14"" - MONTADA ",$ 442,
"1516C - 16"" - MONTADA ",$ 557,
"1518C - 18"" - MONTADA ",$ 864,
"1520C - 20"" - MONTADA ",$ 1.075,
"1522C - 22"" - MONTADA ",$ 1.344,
"1524C - 24"" - MONTADA ",$ 1.478,
"1526C - 26"" - MONTADA ",$ 1.651,
"1528C - 28"" - MONTADA ",$ 1.728,
PELE ANIMAL NO DISCO - CABRA,,categoria
"1730C - 06"" / 30cm - DISCO ",$ 154,
"1735C - 07"" / 35cm - DISCO ",$ 211,
"1740C - 08"" / 40cm - DISCO ",$ 240,
"1745C - 10"" / 45cm - DISCO ",$ 292,
"1750C - 12"" / 50cm - DISCO ",$ 384,
"1755C - 14"" / 55cm - DISCO ",$ 461,
"1760C - 16"" / 60cm - DISCO ",$ 645,
"1765C - 18"" / 65cm - DISCO ",$ 730,
"1770C - 20"" / 70cm - DISCO ",$ 768,
"1775C - 22"" / 75cm - DISCO ",$ 883,
"1780C - 24"" / 80cm - DISCO ",$ 1.152,
"1785C - 26"" / 85cm - DISCO ",$ 1.248,
"1790C - 28"" / 90cm - DISCO ",$ 1.344,
"1795C - 28"" / 95cm - DISCO ",$ 1.536,
PELE ANIMAL NO DISCO GROSSA ( BONGO E TUMBADORA) - BOI,,categoria
"1630 - 11,8"" / 30cm - PARA BONGO ",$ 440,
"1635 - 13,7"" / 35cm -PARA BONGO ",$ 571,
1640 - 40cm - GROSSA ,$ 675,
1645 - 45cm - GROSSA ,$ 769,
"1650 - 19,5"" / 50cm - CONGA (TUMBADORA) ",$ 909,
"1655 - 21,6"" / 55cm - CONGA (TUMBADORA) ",$ 1.069,
